sample_id,bus_id,CAIFI_FIC
0,0,1
0,1,2
0,2,0
0,3,1
0,4,1
0,5,0
0,6,1
0,7,5
0,8,0
0,9,1
0,10,0
0,11,1
0,12,2
0,13,5
0,14,1
0,15,0
0,16,5
0,17,0
0,18,1
0,19,2
0,20,6
0,21,0
0,22,1
0,23,1
0,24,0
0,25,5
0,26,5
0,27,3
0,28,3
0,29,2
0,30,4
0,31,0
0,32,1
0,33,4
0,34,5
0,35,2
0,36,1
0,37,2
0,38,0
0,39,0
0,40,1
0,41,1
0,42,1
0,43,0
0,44,0
0,45,1
0,46,0
0,47,3
0,48,3
0,49,1
0,50,4
0,51,2
0,52,2
0,53,0
0,54,0
0,55,1
0,56,0
0,57,2
0,58,2
0,59,0
0,60,0
0,61,1
0,62,0
0,63,1
0,64,2
0,65,3
0,66,1
0,67,4
0,68,3
0,69,2
0,70,0
0,71,1
0,72,1
0,73,0
0,74,1
0,75,0
0,76,3
0,77,3
0,78,1
0,79,0
0,80,2
0,81,1
0,82,1
0,83,0
0,84,2
0,85,1
0,86,1
0,87,2
0,88,1
0,89,2
0,90,6
0,91,12
0,92,6
0,93,0
0,94,0
0,95,0
0,96,2
0,97,0
0,98,2
0,99,1
0,100,0
0,101,1
0,102,4
0,103,3
0,104,3
0,105,2
0,106,1
0,107,0
0,108,1
0,109,3
0,110,0
0,111,1
0,112,5
0,113,5
0,114,1
0,115,2
0,116,0
0,117,1
1,0,1
1,1,0
1,2,5
1,3,3
1,4,1
1,5,3
1,6,2
1,7,4
1,8,1
1,9,3
1,10,1
1,11,1
1,12,3
1,13,0
1,14,0
1,15,0
1,16,7
1,17,0
1,18,4
1,19,1
1,20,2
1,21,1
1,22,0
1,23,1
1,24,0
1,25,6
1,26,3
1,27,2
1,28,0
1,29,0
1,30,3
1,31,0
1,32,1
1,33,1
1,34,3
1,35,2
1,36,0
1,37,1
1,38,2
1,39,2
1,40,1
1,41,1
1,42,0
1,43,1
1,44,2
1,45,1
1,46,1
1,47,1
1,48,0
1,49,0
1,50,1
1,51,0
1,52,0
1,53,4
1,54,2
1,55,2
1,56,2
1,57,3
1,58,2
1,59,1
1,60,1
1,61,1
1,62,2
1,63,0
1,64,0
1,65,3
1,66,2
1,67,1
1,68,7
1,69,0
1,70,0
1,71,1
1,72,1
1,73,0
1,74,2
1,75,0
1,76,1
1,77,1
1,78,1
1,79,0
1,80,2
1,81,1
1,82,2
1,83,0
1,84,1
1,85,3
1,86,1
1,87,1
1,88,7
1,89,2
1,90,0
1,91,0
1,92,2
1,93,0
1,94,0
1,95,0
1,96,2
1,97,1
1,98,1
1,99,0
1,100,15
1,101,1
1,102,5
1,103,2
1,104,1
1,105,0
1,106,0
1,107,0
1,108,0
1,109,1
1,110,0
1,111,1
1,112,10
1,113,5
1,114,1
1,115,1
1,116,1
1,117,2
2,0,1
2,1,2
2,2,0
2,3,0
2,4,1
2,5,0
2,6,2
2,7,2
2,8,1
2,9,3
2,10,1
2,11,1
2,12,0
2,13,1
2,14,0
2,15,1
2,16,3
2,17,2
2,18,1
2,19,3
2,20,4
2,21,0
2,22,3
2,23,1
2,24,1
2,25,3
2,26,3
2,27,0
2,28,0
2,29,0
2,30,7
2,31,1
2,32,6
2,33,0
2,34,0
2,35,0
2,36,0
2,37,0
2,38,0
2,39,3
2,40,3
2,41,0
2,42,1
2,43,1
2,44,2
2,45,1
2,46,4
2,47,0
2,48,1
2,49,1
2,50,0
2,51,0
2,52,0
2,53,0
2,54,2
2,55,2
2,56,1
2,57,3
2,58,1
2,59,0
2,60,1
2,61,2
2,62,1
2,63,2
2,64,0
2,65,0
2,66,3
2,67,2
2,68,9
2,69,1
2,70,0
2,71,2
2,72,1
2,73,2
2,74,2
2,75,0
2,76,1
2,77,3
2,78,2
2,79,0
2,80,1
2,81,0
2,82,0
2,83,2
2,84,1
2,85,2
2,86,3
2,87,4
2,88,7
2,89,0
2,90,0
2,91,2
2,92,4
2,93,0
2,94,0
2,95,1
2,96,0
2,97,0
2,98,0
2,99,1
2,100,3
2,101,2
2,102,8
2,103,2
2,104,0
2,105,0
2,106,0
2,107,0
2,108,0
2,109,0
2,110,2
2,111,0
2,112,9
2,113,0
2,114,1
2,115,0
2,116,0
2,117,2
3,0,1
3,1,1
3,2,2
3,3,2
3,4,1
3,5,1
3,6,3
3,7,1
3,8,0
3,9,0
3,10,1
3,11,4
3,12,3
3,13,4
3,14,3
3,15,1
3,16,3
3,17,1
3,18,2
3,19,3
3,20,2
3,21,2
3,22,2
3,23,1
3,24,1
3,25,7
3,26,3
3,27,3
3,28,2
3,29,1
3,30,1
3,31,2
3,32,4
3,33,3
3,34,3
3,35,1
3,36,1
3,37,3
3,38,0
3,39,0
3,40,1
3,41,0
3,42,1
3,43,3
3,44,0
3,45,1
3,46,0
3,47,0
3,48,0
3,49,3
3,50,0
3,51,1
3,52,3
3,53,0
3,54,1
3,55,0
3,56,1
3,57,0
3,58,0
3,59,2
3,60,2
3,61,0
3,62,0
3,63,2
3,64,2
3,65,0
3,66,2
3,67,0
3,68,4
3,69,0
3,70,1
3,71,2
3,72,1
3,73,0
3,74,2
3,75,1
3,76,1
3,77,3
3,78,0
3,79,4
3,80,3
3,81,0
3,82,2
3,83,1
3,84,2
3,85,2
3,86,1
3,87,4
3,88,0
3,89,1
3,90,2
3,91,1
3,92,6
3,93,1
3,94,3
3,95,1
3,96,1
3,97,0
3,98,3
3,99,0
3,100,2
3,101,2
3,102,2
3,103,6
3,104,4
3,105,0
3,106,1
3,107,2
3,108,1
3,109,1
3,110,1
3,111,4
3,112,2
3,113,2
3,114,0
3,115,0
3,116,1
3,117,1
4,0,1
4,1,1
4,2,1
4,3,0
4,4,1
4,5,0
4,6,0
4,7,1
4,8,0
4,9,1
4,10,3
4,11,1
4,12,0
4,13,1
4,14,1
4,15,1
4,16,3
4,17,0
4,18,1
4,19,0
4,20,4
4,21,0
4,22,0
4,23,1
4,24,0
4,25,6
4,26,3
4,27,1
4,28,0
4,29,1
4,30,7
4,31,0
4,32,3
4,33,5
4,34,1
4,35,1
4,36,1
4,37,1
4,38,1
4,39,1
4,40,0
4,41,0
4,42,0
4,43,0
4,44,1
4,45,0
4,46,1
4,47,0
4,48,0
4,49,4
4,50,0
4,51,1
4,52,3
4,53,0
4,54,2
4,55,3
4,56,3
4,57,0
4,58,0
4,59,1
4,60,1
4,61,1
4,62,0
4,63,1
4,64,3
4,65,2
4,66,4
4,67,2
4,68,7
4,69,3
4,70,2
4,71,2
4,72,2
4,73,0
4,74,2
4,75,0
4,76,0
4,77,4
4,78,1
4,79,0
4,80,0
4,81,0
4,82,3
4,83,1
4,84,0
4,85,3
4,86,1
4,87,9
4,88,2
4,89,1
4,90,1
4,91,1
4,92,3
4,93,2
4,94,0
4,95,1
4,96,1
4,97,0
4,98,0
4,99,1
4,100,4
4,101,4
4,102,4
4,103,9
4,104,0
4,105,3
4,106,0
4,107,1
4,108,1
4,109,2
4,110,1
4,111,0
4,112,4
4,113,1
4,114,1
4,115,2
4,116,0
4,117,1
5,0,1
5,1,1
5,2,0
5,3,0
5,4,1
5,5,1
5,6,0
5,7,2
5,8,0
5,9,1
5,10,2
5,11,1
5,12,1
5,13,0
5,14,5
5,15,4
5,16,3
5,17,0
5,18,1
5,19,2
5,20,3
5,21,0
5,22,2
5,23,1
5,24,0
5,25,4
5,26,4
5,27,0
5,28,1
5,29,1
5,30,6
5,31,2
5,32,8
5,33,3
5,34,8
5,35,1
5,36,1
5,37,3
5,38,0
5,39,3
5,40,0
5,41,1
5,42,0
5,43,0
5,44,2
5,45,1
5,46,2
5,47,0
5,48,0
5,49,0
5,50,0
5,51,1
5,52,4
5,53,2
5,54,1
5,55,3
5,56,1
5,57,2
5,58,1
5,59,2
5,60,2
5,61,0
5,62,2
5,63,1
5,64,1
5,65,2
5,66,1
5,67,0
5,68,12
5,69,1
5,70,1
5,71,0
5,72,2
5,73,1
5,74,2
5,75,0
5,76,2
5,77,1
5,78,3
5,79,0
5,80,0
5,81,2
5,82,0
5,83,1
5,84,0
5,85,3
5,86,1
5,87,6
5,88,3
5,89,1
5,90,2
5,91,4
5,92,2
5,93,1
5,94,1
5,95,1
5,96,2
5,97,3
5,98,1
5,99,0
5,100,6
5,101,0
5,102,7
5,103,6
5,104,3
5,105,4
5,106,0
5,107,0
5,108,0
5,109,3
5,110,1
5,111,2
5,112,3
5,113,5
5,114,1
5,115,0
5,116,1
5,117,2
6,0,2
6,1,1
6,2,0
6,3,0
6,4,2
6,5,2
6,6,0
6,7,3
6,8,1
6,9,3
6,10,2
6,11,0
6,12,0
6,13,0
6,14,0
6,15,1
6,16,5
6,17,1
6,18,1
6,19,3
6,20,7
6,21,0
6,22,0
6,23,0
6,24,1
6,25,10
6,26,4
6,27,2
6,28,2
6,29,3
6,30,6
6,31,0
6,32,5
6,33,2
6,34,10
6,35,6
6,36,1
6,37,0
6,38,0
6,39,0
6,40,1
6,41,1
6,42,0
6,43,0
6,44,1
6,45,0
6,46,1
6,47,1
6,48,0
6,49,0
6,50,1
6,51,0
6,52,1
6,53,2
6,54,1
6,55,0
6,56,0
6,57,0
6,58,1
6,59,0
6,60,0
6,61,2
6,62,0
6,63,0
6,64,1
6,65,1
6,66,0
6,67,3
6,68,6
6,69,1
6,70,0
6,71,1
6,72,1
6,73,1
6,74,2
6,75,0
6,76,0
6,77,0
6,78,1
6,79,0
6,80,1
6,81,1
6,82,2
6,83,2
6,84,1
6,85,2
6,86,1
6,87,8
6,88,0
6,89,1
6,90,0
6,91,3
6,92,5
6,93,1
6,94,0
6,95,1
6,96,1
6,97,1
6,98,3
6,99,0
6,100,3
6,101,0
6,102,1
6,103,3
6,104,1
6,105,4
6,106,3
6,107,1
6,108,1
6,109,1
6,110,1
6,111,0
6,112,5
6,113,7
6,114,1
6,115,0
6,116,2
6,117,0
7,0,1
7,1,1
7,2,1
7,3,2
7,4,2
7,5,1
7,6,3
7,7,3
7,8,2
7,9,3
7,10,2
7,11,1
7,12,3
7,13,0
7,14,2
7,15,5
7,16,4
7,17,1
7,18,1
7,19,1
7,20,2
7,21,0
7,22,1
7,23,2
7,24,1
7,25,5
7,26,3
7,27,1
7,28,2
7,29,2
7,30,7
7,31,1
7,32,6
7,33,0
7,34,5
7,35,1
7,36,0
7,37,3
7,38,0
7,39,2
7,40,2
7,41,4
7,42,1
7,43,1
7,44,0
7,45,1
7,46,1
7,47,3
7,48,0
7,49,0
7,50,2
7,51,1
7,52,1
7,53,0
7,54,0
7,55,0
7,56,1
7,57,3
7,58,2
7,59,1
7,60,0
7,61,2
7,62,0
7,63,1
7,64,0
7,65,0
7,66,0
7,67,1
7,68,3
7,69,0
7,70,0
7,71,1
7,72,0
7,73,3
7,74,2
7,75,1
7,76,1
7,77,2
7,78,2
7,79,2
7,80,4
7,81,0
7,82,2
7,83,2
7,84,0
7,85,1
7,86,0
7,87,3
7,88,2
7,89,1
7,90,0
7,91,3
7,92,5
7,93,1
7,94,2
7,95,2
7,96,2
7,97,0
7,98,1
7,99,0
7,100,5
7,101,2
7,102,2
7,103,7
7,104,1
7,105,3
7,106,0
7,107,0
7,108,1
7,109,0
7,110,2
7,111,1
7,112,3
7,113,4
7,114,0
7,115,0
7,116,1
7,117,0
8,0,2
8,1,2
8,2,0
8,3,2
8,4,3
8,5,0
8,6,0
8,7,8
8,8,0
8,9,1
8,10,2
8,11,4
8,12,1
8,13,1
8,14,1
8,15,1
8,16,1
8,17,0
8,18,2
8,19,0
8,20,5
8,21,0
8,22,1
8,23,0
8,24,2
8,25,7
8,26,1
8,27,1
8,28,1
8,29,1
8,30,7
8,31,1
8,32,1
8,33,3
8,34,2
8,35,3
8,36,0
8,37,1
8,38,0
8,39,1
8,40,3
8,41,0
8,42,1
8,43,0
8,44,1
8,45,1
8,46,1
8,47,0
8,48,2
8,49,1
8,50,0
8,51,4
8,52,1
8,53,0
8,54,2
8,55,2
8,56,1
8,57,1
8,58,0
8,59,0
8,60,0
8,61,1
8,62,1
8,63,2
8,64,0
8,65,0
8,66,1
8,67,1
8,68,0
8,69,3
8,70,2
8,71,6
8,72,1
8,73,1
8,74,1
8,75,1
8,76,0
8,77,1
8,78,2
8,79,2
8,80,1
8,81,0
8,82,0
8,83,1
8,84,0
8,85,7
8,86,1
8,87,5
8,88,10
8,89,0
8,90,2
8,91,4
8,92,4
8,93,0
8,94,1
8,95,0
8,96,2
8,97,0
8,98,2
8,99,1
8,100,2
8,101,2
8,102,5
8,103,3
8,104,2
8,105,5
8,106,2
8,107,1
8,108,1
8,109,1
8,110,5
8,111,5
8,112,5
8,113,3
8,114,1
8,115,2
8,116,0
8,117,1
9,0,2
9,1,0
9,2,0
9,3,0
9,4,2
9,5,1
9,6,0
9,7,0
9,8,2
9,9,2
9,10,0
9,11,0
9,12,1
9,13,1
9,14,1
9,15,1
9,16,3
9,17,3
9,18,1
9,19,1
9,20,6
9,21,0
9,22,3
9,23,1
9,24,1
9,25,6
9,26,4
9,27,1
9,28,1
9,29,2
9,30,3
9,31,0
9,32,1
9,33,7
9,34,2
9,35,0
9,36,1
9,37,5
9,38,0
9,39,1
9,40,0
9,41,1
9,42,1
9,43,2
9,44,0
9,45,1
9,46,1
9,47,2
9,48,2
9,49,1
9,50,1
9,51,3
9,52,0
9,53,3
9,54,0
9,55,2
9,56,1
9,57,1
9,58,1
9,59,1
9,60,0
9,61,0
9,62,1
9,63,0
9,64,1
9,65,2
9,66,3
9,67,0
9,68,5
9,69,2
9,70,0
9,71,5
9,72,1
9,73,2
9,74,0
9,75,1
9,76,1
9,77,1
9,78,0
9,79,0
9,80,2
9,81,2
9,82,0
9,83,1
9,84,0
9,85,3
9,86,2
9,87,1
9,88,7
9,89,2
9,90,0
9,91,5
9,92,5
9,93,1
9,94,0
9,95,1
9,96,1
9,97,0
9,98,3
9,99,0
9,100,2
9,101,0
9,102,2
9,103,8
9,104,1
9,105,1
9,106,1
9,107,0
9,108,0
9,109,1
9,110,2
9,111,0
9,112,5
9,113,3
9,114,1
9,115,0
9,116,3
9,117,0
10,0,3
10,1,0
10,2,0
10,3,0
10,4,1
10,5,0
10,6,2
10,7,4
10,8,2
10,9,0
10,10,3
10,11,0
10,12,1
10,13,1
10,14,0
10,15,2
10,16,3
10,17,1
10,18,1
10,19,1
10,20,3
10,21,0
10,22,1
10,23,1
10,24,1
10,25,1
10,26,7
10,27,3
10,28,0
10,29,1
10,30,5
10,31,0
10,32,1
10,33,7
10,34,0
10,35,1
10,36,2
10,37,1
10,38,1
10,39,5
10,40,0
10,41,0
10,42,0
10,43,0
10,44,2
10,45,1
10,46,1
10,47,0
10,48,0
10,49,1
10,50,1
10,51,0
10,52,1
10,53,0
10,54,3
10,55,1
10,56,3
10,57,0
10,58,1
10,59,0
10,60,0
10,61,1
10,62,0
10,63,1
10,64,1
10,65,1
10,66,3
10,67,0
10,68,12
10,69,1
10,70,0
10,71,2
10,72,1
10,73,1
10,74,0
10,75,1
10,76,1
10,77,0
10,78,1
10,79,0
10,80,2
10,81,2
10,82,2
10,83,3
10,84,1
10,85,8
10,86,0
10,87,2
10,88,4
10,89,1
10,90,0
10,91,4
10,92,4
10,93,0
10,94,1
10,95,0
10,96,1
10,97,1
10,98,1
10,99,1
10,100,2
10,101,1
10,102,3
10,103,6
10,104,1
10,105,4
10,106,2
10,107,0
10,108,0
10,109,1
10,110,1
10,111,1
10,112,4
10,113,10
10,114,2
10,115,0
10,116,1
10,117,0
11,0,3
11,1,0
11,2,0
11,3,0
11,4,4
11,5,0
11,6,2
11,7,7
11,8,0
11,9,2
11,10,1
11,11,2
11,12,1
11,13,2
11,14,2
11,15,2
11,16,4
11,17,1
11,18,1
11,19,0
11,20,9
11,21,0
11,22,1
11,23,1
11,24,0
11,25,7
11,26,7
11,27,2
11,28,0
11,29,1
11,30,5
11,31,0
11,32,5
11,33,5
11,34,3
11,35,1
11,36,2
11,37,0
11,38,0
11,39,3
11,40,3
11,41,0
11,42,0
11,43,2
11,44,2
11,45,3
11,46,5
11,47,1
11,48,1
11,49,1
11,50,0
11,51,0
11,52,3
11,53,0
11,54,1
11,55,0
11,56,4
11,57,0
11,58,2
11,59,0
11,60,0
11,61,2
11,62,1
11,63,2
11,64,2
11,65,0
11,66,1
11,67,2
11,68,11
11,69,1
11,70,1
11,71,3
11,72,1
11,73,1
11,74,0
11,75,0
11,76,0
11,77,0
11,78,0
11,79,0
11,80,2
11,81,0
11,82,2
11,83,2
11,84,0
11,85,7
11,86,1
11,87,5
11,88,5
11,89,3
11,90,1
11,91,2
11,92,5
11,93,2
11,94,0
11,95,4
11,96,2
11,97,0
11,98,2
11,99,1
11,100,0
11,101,0
11,102,4
11,103,3
11,104,2
11,105,3
11,106,5
11,107,0
11,108,0
11,109,0
11,110,2
11,111,0
11,112,4
11,113,8
11,114,2
11,115,2
11,116,2
11,117,1
12,0,1
12,1,0
12,2,3
12,3,1
12,4,1
12,5,0
12,6,1
12,7,3
12,8,1
12,9,0
12,10,0
12,11,0
12,12,1
12,13,0
12,14,1
12,15,1
12,16,4
12,17,1
12,18,1
12,19,1
12,20,6
12,21,1
12,22,0
12,23,1
12,24,1
12,25,1
12,26,3
12,27,3
12,28,3
12,29,0
12,30,1
12,31,0
12,32,7
12,33,1
12,34,4
12,35,3
12,36,1
12,37,1
12,38,2
12,39,5
12,40,0
12,41,3
12,42,0
12,43,2
12,44,0
12,45,1
12,46,1
12,47,0
12,48,0
12,49,0
12,50,0
12,51,2
12,52,1
12,53,0
12,54,0
12,55,0
12,56,1
12,57,2
12,58,1
12,59,0
12,60,2
12,61,4
12,62,1
12,63,0
12,64,1
12,65,1
12,66,0
12,67,2
12,68,10
12,69,3
12,70,0
12,71,0
12,72,2
12,73,1
12,74,0
12,75,1
12,76,2
12,77,1
12,78,1
12,79,2
12,80,1
12,81,3
12,82,0
12,83,1
12,84,1
12,85,2
12,86,5
12,87,3
12,88,3
12,89,0
12,90,1
12,91,1
12,92,3
12,93,0
12,94,1
12,95,3
12,96,2
12,97,2
12,98,5
12,99,4
12,100,7
12,101,1
12,102,2
12,103,4
12,104,0
12,105,4
12,106,0
12,107,3
12,108,3
12,109,1
12,110,1
12,111,2
12,112,4
12,113,14
12,114,2
12,115,0
12,116,1
12,117,2
13,0,2
13,1,2
13,2,1
13,3,0
13,4,1
13,5,3
13,6,1
13,7,3
13,8,1
13,9,3
13,10,0
13,11,1
13,12,0
13,13,0
13,14,0
13,15,1
13,16,7
13,17,1
13,18,0
13,19,0
13,20,9
13,21,1
13,22,0
13,23,2
13,24,0
13,25,3
13,26,2
13,27,0
13,28,0
13,29,0
13,30,13
13,31,1
13,32,2
13,33,4
13,34,3
13,35,4
13,36,0
13,37,2
13,38,0
13,39,2
13,40,0
13,41,0
13,42,0
13,43,1
13,44,2
13,45,2
13,46,4
13,47,2
13,48,2
13,49,1
13,50,1
13,51,4
13,52,1
13,53,0
13,54,1
13,55,0
13,56,0
13,57,1
13,58,1
13,59,0
13,60,0
13,61,2
13,62,1
13,63,0
13,64,0
13,65,1
13,66,1
13,67,0
13,68,5
13,69,4
13,70,1
13,71,2
13,72,1
13,73,2
13,74,3
13,75,1
13,76,0
13,77,0
13,78,2
13,79,0
13,80,1
13,81,2
13,82,0
13,83,0
13,84,0
13,85,4
13,86,1
13,87,3
13,88,5
13,89,3
13,90,0
13,91,2
13,92,8
13,93,0
13,94,2
13,95,1
13,96,0
13,97,2
13,98,2
13,99,1
13,100,9
13,101,1
13,102,1
13,103,3
13,104,0
13,105,3
13,106,0
13,107,2
13,108,1
13,109,2
13,110,3
13,111,1
13,112,2
13,113,6
13,114,1
13,115,4
13,116,3
13,117,2
14,0,0
14,1,0
14,2,3
14,3,2
14,4,2
14,5,2
14,6,2
14,7,6
14,8,1
14,9,4
14,10,2
14,11,2
14,12,0
14,13,3
14,14,0
14,15,0
14,16,3
14,17,1
14,18,1
14,19,1
14,20,2
14,21,0
14,22,7
14,23,1
14,24,0
14,25,6
14,26,3
14,27,1
14,28,0
14,29,0
14,30,5
14,31,0
14,32,3
14,33,7
14,34,3
14,35,0
14,36,1
14,37,2
14,38,0
14,39,0
14,40,4
14,41,1
14,42,0
14,43,1
14,44,0
14,45,0
14,46,1
14,47,0
14,48,0
14,49,0
14,50,1
14,51,2
14,52,0
14,53,2
14,54,0
14,55,4
14,56,1
14,57,1
14,58,2
14,59,0
14,60,1
14,61,0
14,62,1
14,63,1
14,64,2
14,65,2
14,66,0
14,67,2
14,68,6
14,69,0
14,70,0
14,71,1
14,72,1
14,73,0
14,74,0
14,75,1
14,76,1
14,77,2
14,78,1
14,79,0
14,80,2
14,81,0
14,82,1
14,83,2
14,84,1
14,85,2
14,86,0
14,87,8
14,88,5
14,89,4
14,90,3
14,91,1
14,92,12
14,93,1
14,94,2
14,95,2
14,96,3
14,97,4
14,98,5
14,99,0
14,100,2
14,101,2
14,102,2
14,103,3
14,104,2
14,105,6
14,106,2
14,107,2
14,108,3
14,109,1
14,110,1
14,111,2
14,112,4
14,113,6
14,114,3
14,115,1
14,116,0
14,117,0
15,0,1
15,1,2
15,2,1
15,3,2
15,4,0
15,5,0
15,6,1
15,7,3
15,8,0
15,9,0
15,10,4
15,11,0
15,12,2
15,13,1
15,14,3
15,15,0
15,16,2
15,17,1
15,18,0
15,19,0
15,20,3
15,21,1
15,22,0
15,23,3
15,24,2
15,25,0
15,26,5
15,27,2
15,28,0
15,29,2
15,30,1
15,31,0
15,32,2
15,33,2
15,34,5
15,35,1
15,36,2
15,37,2
15,38,1
15,39,1
15,40,0
15,41,0
15,42,0
15,43,1
15,44,3
15,45,2
15,46,2
15,47,0
15,48,3
15,49,2
15,50,2
15,51,4
15,52,4
15,53,1
15,54,1
15,55,1
15,56,1
15,57,2
15,58,1
15,59,2
15,60,0
15,61,1
15,62,1
15,63,1
15,64,2
15,65,0
15,66,1
15,67,0
15,68,2
15,69,0
15,70,1
15,71,3
15,72,2
15,73,0
15,74,0
15,75,1
15,76,1
15,77,1
15,78,0
15,79,0
15,80,1
15,81,1
15,82,0
15,83,0
15,84,0
15,85,9
15,86,6
15,87,5
15,88,4
15,89,0
15,90,0
15,91,5
15,92,8
15,93,0
15,94,0
15,95,1
15,96,0
15,97,0
15,98,1
15,99,3
15,100,9
15,101,0
15,102,5
15,103,5
15,104,1
15,105,6
15,106,2
15,107,1
15,108,1
15,109,3
15,110,1
15,111,3
15,112,6
15,113,3
15,114,0
15,115,1
15,116,2
15,117,0
16,0,1
16,1,3
16,2,2
16,3,1
16,4,1
16,5,0
16,6,1
16,7,5
16,8,0
16,9,0
16,10,1
16,11,1
16,12,3
16,13,1
16,14,0
16,15,1
16,16,5
16,17,1
16,18,4
16,19,3
16,20,3
16,21,0
16,22,1
16,23,0
16,24,1
16,25,8
16,26,7
16,27,1
16,28,1
16,29,1
16,30,2
16,31,2
16,32,4
16,33,7
16,34,4
16,35,3
16,36,1
16,37,0
16,38,0
16,39,3
16,40,3
16,41,1
16,42,0
16,43,1
16,44,0
16,45,1
16,46,0
16,47,1
16,48,0
16,49,1
16,50,0
16,51,0
16,52,0
16,53,0
16,54,0
16,55,1
16,56,0
16,57,1
16,58,1
16,59,1
16,60,0
16,61,1
16,62,1
16,63,1
16,64,3
16,65,0
16,66,2
16,67,1
16,68,4
16,69,3
16,70,0
16,71,2
16,72,0
16,73,0
16,74,2
16,75,0
16,76,1
16,77,0
16,78,0
16,79,1
16,80,0
16,81,0
16,82,1
16,83,0
16,84,0
16,85,5
16,86,0
16,87,2
16,88,2
16,89,0
16,90,1
16,91,2
16,92,3
16,93,1
16,94,1
16,95,0
16,96,1
16,97,0
16,98,2
16,99,0
16,100,3
16,101,0
16,102,6
16,103,4
16,104,0
16,105,4
16,106,0
16,107,0
16,108,0
16,109,3
16,110,0
16,111,1
16,112,0
16,113,5
16,114,4
16,115,2
16,116,1
16,117,0
17,0,3
17,1,2
17,2,1
17,3,1
17,4,2
17,5,1
17,6,2
17,7,2
17,8,2
17,9,1
17,10,0
17,11,1
17,12,3
17,13,2
17,14,3
17,15,0
17,16,7
17,17,2
17,18,0
17,19,1
17,20,4
17,21,1
17,22,5
17,23,1
17,24,0
17,25,3
17,26,5
17,27,2
17,28,0
17,29,0
17,30,2
17,31,0
17,32,2
17,33,3
17,34,2
17,35,0
17,36,1
17,37,1
17,38,1
17,39,3
17,40,0
17,41,1
17,42,1
17,43,1
17,44,2
17,45,1
17,46,2
17,47,1
17,48,0
17,49,1
17,50,1
17,51,3
17,52,1
17,53,1
17,54,2
17,55,1
17,56,2
17,57,2
17,58,1
17,59,1
17,60,2
17,61,2
17,62,0
17,63,2
17,64,5
17,65,2
17,66,3
17,67,0
17,68,10
17,69,1
17,70,0
17,71,1
17,72,2
17,73,0
17,74,1
17,75,0
17,76,0
17,77,1
17,78,1
17,79,1
17,80,1
17,81,1
17,82,1
17,83,0
17,84,0
17,85,6
17,86,1
17,87,2
17,88,8
17,89,2
17,90,0
17,91,4
17,92,4
17,93,0
17,94,0
17,95,2
17,96,2
17,97,0
17,98,1
17,99,0
17,100,5
17,101,1
17,102,2
17,103,5
17,104,0
17,105,1
17,106,2
17,107,1
17,108,2
17,109,1
17,110,0
17,111,1
17,112,4
17,113,7
17,114,2
17,115,0
17,116,0
17,117,1
18,0,0
18,1,0
18,2,1
18,3,5
18,4,4
18,5,3
18,6,0
18,7,6
18,8,2
18,9,1
18,10,0
18,11,5
18,12,1
18,13,0
18,14,2
18,15,1
18,16,4
18,17,1
18,18,4
18,19,1
18,20,7
18,21,0
18,22,1
18,23,0
18,24,1
18,25,2
18,26,3
18,27,2
18,28,2
18,29,1
18,30,3
18,31,0
18,32,5
18,33,2
18,34,6
18,35,6
18,36,0
18,37,2
18,38,1
18,39,1
18,40,0
18,41,0
18,42,3
18,43,2
18,44,0
18,45,1
18,46,0
18,47,0
18,48,0
18,49,1
18,50,1
18,51,1
18,52,0
18,53,0
18,54,2
18,55,1
18,56,4
18,57,0
18,58,0
18,59,1
18,60,1
18,61,1
18,62,2
18,63,1
18,64,1
18,65,0
18,66,0
18,67,3
18,68,7
18,69,0
18,70,0
18,71,4
18,72,1
18,73,2
18,74,4
18,75,0
18,76,1
18,77,2
18,78,1
18,79,1
18,80,1
18,81,1
18,82,1
18,83,0
18,84,0
18,85,3
18,86,5
18,87,5
18,88,7
18,89,4
18,90,3
18,91,7
18,92,3
18,93,0
18,94,1
18,95,0
18,96,0
18,97,0
18,98,0
18,99,0
18,100,3
18,101,1
18,102,1
18,103,10
18,104,3
18,105,6
18,106,1
18,107,0
18,108,1
18,109,1
18,110,0
18,111,2
18,112,11
18,113,4
18,114,1
18,115,4
18,116,1
18,117,0
19,0,2
19,1,0
19,2,2
19,3,1
19,4,0
19,5,0
19,6,2
19,7,4
19,8,2
19,9,3
19,10,1
19,11,2
19,12,0
19,13,1
19,14,1
19,15,3
19,16,3
19,17,0
19,18,0
19,19,2
19,20,2
19,21,0
19,22,1
19,23,3
19,24,1
19,25,5
19,26,3
19,27,0
19,28,1
19,29,1
19,30,4
19,31,0
19,32,4
19,33,4
19,34,3
19,35,0
19,36,2
19,37,2
19,38,0
19,39,1
19,40,2
19,41,0
19,42,0
19,43,0
19,44,0
19,45,1
19,46,5
19,47,0
19,48,0
19,49,0
19,50,2
19,51,3
19,52,1
19,53,0
19,54,0
19,55,5
19,56,2
19,57,1
19,58,1
19,59,1
19,60,0
19,61,4
19,62,1
19,63,2
19,64,1
19,65,0
19,66,1
19,67,1
19,68,3
19,69,1
19,70,1
19,71,2
19,72,0
19,73,1
19,74,0
19,75,1
19,76,0
19,77,1
19,78,0
19,79,0
19,80,2
19,81,0
19,82,1
19,83,0
19,84,1
19,85,2
19,86,0
19,87,5
19,88,3
19,89,2
19,90,3
19,91,3
19,92,0
19,93,2
19,94,1
19,95,1
19,96,2
19,97,1
19,98,4
19,99,1
19,100,3
19,101,2
19,102,4
19,103,6
19,104,3
19,105,2
19,106,1
19,107,2
19,108,0
19,109,2
19,110,0
19,111,1
19,112,2
19,113,3
19,114,0
19,115,2
19,116,2
19,117,1
20,0,4
20,1,0
20,2,2
20,3,0
20,4,3
20,5,6
20,6,1
20,7,3
20,8,2
20,9,1
20,10,0
20,11,2
20,12,0
20,13,0
20,14,0
20,15,2
20,16,7
20,17,2
20,18,4
20,19,2
20,20,8
20,21,1
20,22,0
20,23,0
20,24,3
20,25,6
20,26,1
20,27,5
20,28,0
20,29,2
20,30,3
20,31,1
20,32,1
20,33,4
20,34,4
20,35,1
20,36,0
20,37,4
20,38,0
20,39,0
20,40,2
20,41,1
20,42,1
20,43,1
20,44,0
20,45,1
20,46,0
20,47,0
20,48,2
20,49,1
20,50,0
20,51,1
20,52,1
20,53,0
20,54,1
20,55,0
20,56,2
20,57,0
20,58,4
20,59,0
20,60,0
20,61,0
20,62,0
20,63,1
20,64,0
20,65,1
20,66,1
20,67,1
20,68,5
20,69,1
20,70,0
20,71,1
20,72,2
20,73,0
20,74,0
20,75,2
20,76,0
20,77,2
20,78,0
20,79,2
20,80,0
20,81,0
20,82,2
20,83,0
20,84,1
20,85,4
20,86,2
20,87,3
20,88,2
20,89,1
20,90,5
20,91,4
20,92,4
20,93,1
20,94,2
20,95,0
20,96,2
20,97,2
20,98,5
20,99,0
20,100,6
20,101,3
20,102,3
20,103,2
20,104,1
20,105,2
20,106,1
20,107,3
20,108,0
20,109,2
20,110,1
20,111,2
20,112,4
20,113,10
20,114,2
20,115,0
20,116,2
20,117,0
21,0,0
21,1,3
21,2,0
21,3,1
21,4,1
21,5,1
21,6,1
21,7,5
21,8,0
21,9,0
21,10,2
21,11,1
21,12,0
21,13,2
21,14,1
21,15,3
21,16,3
21,17,2
21,18,1
21,19,4
21,20,4
21,21,0
21,22,2
21,23,0
21,24,2
21,25,4
21,26,4
21,27,1
21,28,3
21,29,1
21,30,4
21,31,1
21,32,6
21,33,3
21,34,3
21,35,0
21,36,0
21,37,1
21,38,1
21,39,0
21,40,1
21,41,2
21,42,0
21,43,4
21,44,1
21,45,1
21,46,0
21,47,3
21,48,2
21,49,2
21,50,0
21,51,2
21,52,1
21,53,2
21,54,0
21,55,2
21,56,1
21,57,0
21,58,0
21,59,0
21,60,1
21,61,1
21,62,2
21,63,3
21,64,1
21,65,2
21,66,1
21,67,0
21,68,4
21,69,2
21,70,0
21,71,1
21,72,1
21,73,0
21,74,0
21,75,5
21,76,2
21,77,0
21,78,2
21,79,0
21,80,3
21,81,0
21,82,0
21,83,0
21,84,1
21,85,3
21,86,3
21,87,1
21,88,1
21,89,0
21,90,1
21,91,1
21,92,1
21,93,1
21,94,0
21,95,4
21,96,0
21,97,2
21,98,0
21,99,0
21,100,3
21,101,3
21,102,8
21,103,7
21,104,0
21,105,3
21,106,2
21,107,0
21,108,2
21,109,5
21,110,1
21,111,0
21,112,1
21,113,3
21,114,0
21,115,0
21,116,3
21,117,2
22,0,2
22,1,1
22,2,0
22,3,0
22,4,2
22,5,1
22,6,0
22,7,7
22,8,1
22,9,0
22,10,2
22,11,2
22,12,0
22,13,1
22,14,1
22,15,1
22,16,5
22,17,1
22,18,1
22,19,1
22,20,6
22,21,1
22,22,1
22,23,1
22,24,0
22,25,4
22,26,3
22,27,1
22,28,4
22,29,2
22,30,3
22,31,1
22,32,2
22,33,5
22,34,4
22,35,1
22,36,0
22,37,2
22,38,1
22,39,2
22,40,2
22,41,4
22,42,0
22,43,2
22,44,0
22,45,0
22,46,1
22,47,0
22,48,0
22,49,0
22,50,1
22,51,1
22,52,3
22,53,0
22,54,1
22,55,3
22,56,0
22,57,3
22,58,1
22,59,1
22,60,0
22,61,2
22,62,1
22,63,1
22,64,0
22,65,2
22,66,1
22,67,2
22,68,5
22,69,3
22,70,1
22,71,2
22,72,2
22,73,1
22,74,2
22,75,0
22,76,1
22,77,0
22,78,2
22,79,2
22,80,0
22,81,1
22,82,1
22,83,1
22,84,2
22,85,8
22,86,3
22,87,2
22,88,6
22,89,1
22,90,3
22,91,9
22,92,3
22,93,1
22,94,0
22,95,0
22,96,2
22,97,2
22,98,4
22,99,0
22,100,5
22,101,0
22,102,4
22,103,2
22,104,1
22,105,3
22,106,1
22,107,2
22,108,1
22,109,1
22,110,1
22,111,2
22,112,5
22,113,5
22,114,0
22,115,2
22,116,1
22,117,0
23,0,0
23,1,2
23,2,2
23,3,2
23,4,0
23,5,1
23,6,1
23,7,4
23,8,0
23,9,0
23,10,0
23,11,3
23,12,1
23,13,1
23,14,1
23,15,0
23,16,5
23,17,0
23,18,1
23,19,0
23,20,4
23,21,1
23,22,1
23,23,0
23,24,1
23,25,4
23,26,4
23,27,2
23,28,1
23,29,2
23,30,4
23,31,1
23,32,4
23,33,4
23,34,2
23,35,2
23,36,1
23,37,0
23,38,0
23,39,2
23,40,1
23,41,1
23,42,0
23,43,1
23,44,0
23,45,0
23,46,0
23,47,0
23,48,0
23,49,2
23,50,0
23,51,1
23,52,2
23,53,2
23,54,2
23,55,1
23,56,1
23,57,0
23,58,0
23,59,2
23,60,0
23,61,0
23,62,2
23,63,2
23,64,0
23,65,1
23,66,2
23,67,1
23,68,6
23,69,1
23,70,0
23,71,0
23,72,1
23,73,1
23,74,1
23,75,0
23,76,0
23,77,3
23,78,0
23,79,1
23,80,0
23,81,1
23,82,1
23,83,0
23,84,0
23,85,6
23,86,2
23,87,4
23,88,4
23,89,2
23,90,3
23,91,3
23,92,2
23,93,1
23,94,0
23,95,0
23,96,1
23,97,0
23,98,2
23,99,1
23,100,6
23,101,2
23,102,2
23,103,4
23,104,2
23,105,1
23,106,1
23,107,1
23,108,2
23,109,1
23,110,4
23,111,2
23,112,2
23,113,1
23,114,0
23,115,1
23,116,0
23,117,0
24,0,2
24,1,1
24,2,3
24,3,0
24,4,1
24,5,4
24,6,0
24,7,2
24,8,2
24,9,2
24,10,0
24,11,0
24,12,1
24,13,1
24,14,0
24,15,2
24,16,4
24,17,1
24,18,1
24,19,0
24,20,3
24,21,1
24,22,0
24,23,1
24,24,0
24,25,1
24,26,2
24,27,3
24,28,0
24,29,2
24,30,7
24,31,2
24,32,3
24,33,5
24,34,2
24,35,0
24,36,1
24,37,2
24,38,0
24,39,4
24,40,2
24,41,1
24,42,0
24,43,0
24,44,0
24,45,0
24,46,1
24,47,1
24,48,3
24,49,1
24,50,1
24,51,3
24,52,1
24,53,1
24,54,1
24,55,1
24,56,0
24,57,2
24,58,2
24,59,1
24,60,3
24,61,0
24,62,2
24,63,2
24,64,2
24,65,0
24,66,0
24,67,0
24,68,9
24,69,2
24,70,1
24,71,2
24,72,2
24,73,1
24,74,1
24,75,0
24,76,1
24,77,0
24,78,2
24,79,2
24,80,0
24,81,0
24,82,1
24,83,2
24,84,1
24,85,11
24,86,1
24,87,4
24,88,3
24,89,1
24,90,0
24,91,5
24,92,3
24,93,2
24,94,2
24,95,2
24,96,0
24,97,1
24,98,0
24,99,3
24,100,2
24,101,2
24,102,7
24,103,2
24,104,1
24,105,3
24,106,1
24,107,0
24,108,2
24,109,0
24,110,3
24,111,0
24,112,4
24,113,4
24,114,1
24,115,2
24,116,2
24,117,1
25,0,1
25,1,3
25,2,0
25,3,1
25,4,4
25,5,3
25,6,0
25,7,2
25,8,1
25,9,2
25,10,1
25,11,2
25,12,0
25,13,4
25,14,4
25,15,0
25,16,6
25,17,1
25,18,2
25,19,0
25,20,3
25,21,0
25,22,0
25,23,0
25,24,1
25,25,7
25,26,4
25,27,4
25,28,2
25,29,0
25,30,4
25,31,1
25,32,1
25,33,6
25,34,7
25,35,1
25,36,0
25,37,2
25,38,0
25,39,2
25,40,0
25,41,1
25,42,2
25,43,2
25,44,0
25,45,1
25,46,2
25,47,3
25,48,3
25,49,3
25,50,1
25,51,2
25,52,0
25,53,1
25,54,0
25,55,0
25,56,2
25,57,0
25,58,0
25,59,1
25,60,0
25,61,0
25,62,1
25,63,0
25,64,3
25,65,0
25,66,1
25,67,0
25,68,3
25,69,4
25,70,1
25,71,2
25,72,1
25,73,1
25,74,2
25,75,1
25,76,2
25,77,2
25,78,1
25,79,1
25,80,0
25,81,1
25,82,2
25,83,2
25,84,1
25,85,11
25,86,2
25,87,1
25,88,9
25,89,0
25,90,0
25,91,3
25,92,6
25,93,0
25,94,0
25,95,1
25,96,0
25,97,1
25,98,0
25,99,0
25,100,5
25,101,0
25,102,3
25,103,5
25,104,2
25,105,12
25,106,0
25,107,1
25,108,1
25,109,4
25,110,0
25,111,0
25,112,4
25,113,0
25,114,4
25,115,1
25,116,1
25,117,1
26,0,4
26,1,1
26,2,0
26,3,0
26,4,2
26,5,1
26,6,2
26,7,6
26,8,2
26,9,1
26,10,2
26,11,1
26,12,3
26,13,2
26,14,1
26,15,2
26,16,2
26,17,3
26,18,0
26,19,0
26,20,2
26,21,0
26,22,1
26,23,0
26,24,1
26,25,3
26,26,6
26,27,2
26,28,1
26,29,1
26,30,1
26,31,1
26,32,2
26,33,3
26,34,4
26,35,0
26,36,0
26,37,1
26,38,2
26,39,0
26,40,1
26,41,1
26,42,1
26,43,0
26,44,1
26,45,0
26,46,2
26,47,2
26,48,3
26,49,0
26,50,1
26,51,0
26,52,2
26,53,0
26,54,2
26,55,0
26,56,1
26,57,1
26,58,4
26,59,0
26,60,0
26,61,1
26,62,3
26,63,0
26,64,1
26,65,0
26,66,0
26,67,2
26,68,10
26,69,0
26,70,0
26,71,1
26,72,5
26,73,1
26,74,3
26,75,0
26,76,0
26,77,2
26,78,2
26,79,0
26,80,0
26,81,0
26,82,1
26,83,1
26,84,0
26,85,1
26,86,4
26,87,2
26,88,3
26,89,1
26,90,5
26,91,2
26,92,2
26,93,0
26,94,0
26,95,0
26,96,2
26,97,1
26,98,0
26,99,2
26,100,4
26,101,2
26,102,5
26,103,4
26,104,2
26,105,2
26,106,1
26,107,1
26,108,0
26,109,4
26,110,0
26,111,2
26,112,0
26,113,1
26,114,3
26,115,1
26,116,3
26,117,2
27,0,0
27,1,1
27,2,1
27,3,1
27,4,3
27,5,1
27,6,0
27,7,7
27,8,2
27,9,6
27,10,4
27,11,1
27,12,2
27,13,0
27,14,0
27,15,2
27,16,5
27,17,0
27,18,1
27,19,3
27,20,4
27,21,1
27,22,1
27,23,0
27,24,1
27,25,3
27,26,4
27,27,1
27,28,2
27,29,0
27,30,2
27,31,2
27,32,1
27,33,1
27,34,3
27,35,1
27,36,1
27,37,0
27,38,1
27,39,1
27,40,1
27,41,1
27,42,0
27,43,0
27,44,0
27,45,1
27,46,0
27,47,1
27,48,1
27,49,1
27,50,2
27,51,1
27,52,0
27,53,2
27,54,1
27,55,2
27,56,1
27,57,0
27,58,3
27,59,0
27,60,1
27,61,3
27,62,0
27,63,3
27,64,0
27,65,0
27,66,2
27,67,0
27,68,5
27,69,1
27,70,0
27,71,1
27,72,2
27,73,1
27,74,0
27,75,1
27,76,0
27,77,0
27,78,3
27,79,0
27,80,2
27,81,2
27,82,0
27,83,0
27,84,1
27,85,3
27,86,0
27,87,6
27,88,5
27,89,0
27,90,1
27,91,2
27,92,4
27,93,1
27,94,1
27,95,1
27,96,1
27,97,1
27,98,2
27,99,1
27,100,1
27,101,4
27,102,5
27,103,2
27,104,0
27,105,3
27,106,0
27,107,1
27,108,2
27,109,1
27,110,1
27,111,1
27,112,1
27,113,4
27,114,2
27,115,1
27,116,1
27,117,1
28,0,2
28,1,0
28,2,2
28,3,0
28,4,1
28,5,2
28,6,1
28,7,4
28,8,1
28,9,1
28,10,1
28,11,0
28,12,2
28,13,2
28,14,0
28,15,1
28,16,3
28,17,2
28,18,3
28,19,1
28,20,1
28,21,0
28,22,0
28,23,2
28,24,0
28,25,6
28,26,2
28,27,0
28,28,1
28,29,1
28,30,10
28,31,0
28,32,1
28,33,6
28,34,4
28,35,3
28,36,3
28,37,4
28,38,1
28,39,0
28,40,0
28,41,0
28,42,0
28,43,1
28,44,1
28,45,0
28,46,0
28,47,1
28,48,1
28,49,1
28,50,3
28,51,1
28,52,1
28,53,0
28,54,0
28,55,0
28,56,0
28,57,1
28,58,0
28,59,0
28,60,5
28,61,2
28,62,0
28,63,2
28,64,0
28,65,2
28,66,0
28,67,3
28,68,5
28,69,1
28,70,3
28,71,0
28,72,0
28,73,1
28,74,0
28,75,0
28,76,1
28,77,1
28,78,2
28,79,0
28,80,0
28,81,0
28,82,1
28,83,2
28,84,0
28,85,3
28,86,0
28,87,8
28,88,2
28,89,0
28,90,2
28,91,2
28,92,5
28,93,0
28,94,0
28,95,3
28,96,1
28,97,0
28,98,0
28,99,0
28,100,3
28,101,0
28,102,3
28,103,0
28,104,3
28,105,4
28,106,3
28,107,0
28,108,0
28,109,2
28,110,0
28,111,1
28,112,4
28,113,2
28,114,1
28,115,2
28,116,0
28,117,0
29,0,0
29,1,3
29,2,0
29,3,0
29,4,1
29,5,0
29,6,0
29,7,3
29,8,1
29,9,2
29,10,3
29,11,3
29,12,4
29,13,0
29,14,1
29,15,1
29,16,4
29,17,2
29,18,5
29,19,2
29,20,7
29,21,0
29,22,1
29,23,0
29,24,0
29,25,8
29,26,2
29,27,1
29,28,2
29,29,0
29,30,1
29,31,1
29,32,4
29,33,7
29,34,6
29,35,5
29,36,1
29,37,1
29,38,5
29,39,0
29,40,0
29,41,1
29,42,1
29,43,1
29,44,0
29,45,2
29,46,2
29,47,2
29,48,1
29,49,0
29,50,0
29,51,1
29,52,1
29,53,2
29,54,0
29,55,2
29,56,1
29,57,3
29,58,1
29,59,0
29,60,0
29,61,2
29,62,0
29,63,0
29,64,0
29,65,2
29,66,2
29,67,2
29,68,11
29,69,0
29,70,0
29,71,2
29,72,1
29,73,1
29,74,2
29,75,1
29,76,2
29,77,2
29,78,2
29,79,2
29,80,1
29,81,2
29,82,2
29,83,1
29,84,1
29,85,4
29,86,0
29,87,6
29,88,6
29,89,0
29,90,0
29,91,7
29,92,3
29,93,2
29,94,0
29,95,1
29,96,1
29,97,1
29,98,0
29,99,1
29,100,7
29,101,1
29,102,1
29,103,7
29,104,0
29,105,8
29,106,1
29,107,2
29,108,0
29,109,1
29,110,2
29,111,0
29,112,8
29,113,9
29,114,0
29,115,2
29,116,1
29,117,1
30,0,0
30,1,5
30,2,1
30,3,3
30,4,1
30,5,0
30,6,5
30,7,3
30,8,0
30,9,2
30,10,0
30,11,2
30,12,1
30,13,1
30,14,2
30,15,1
30,16,5
30,17,0
30,18,2
30,19,1
30,20,1
30,21,0
30,22,0
30,23,1
30,24,0
30,25,5
30,26,0
30,27,5
30,28,0
30,29,0
30,30,3
30,31,1
30,32,3
30,33,2
30,34,1
30,35,1
30,36,0
30,37,1
30,38,1
30,39,0
30,40,3
30,41,0
30,42,1
30,43,1
30,44,0
30,45,1
30,46,2
30,47,0
30,48,1
30,49,0
30,50,0
30,51,1
30,52,0
30,53,0
30,54,2
30,55,0
30,56,2
30,57,0
30,58,0
30,59,1
30,60,3
30,61,2
30,62,0
30,63,3
30,64,2
30,65,2
30,66,0
30,67,0
30,68,8
30,69,0
30,70,1
30,71,1
30,72,1
30,73,0
30,74,5
30,75,1
30,76,1
30,77,0
30,78,2
30,79,2
30,80,0
30,81,1
30,82,3
30,83,0
30,84,0
30,85,4
30,86,1
30,87,4
30,88,8
30,89,2
30,90,3
30,91,2
30,92,3
30,93,0
30,94,2
30,95,3
30,96,1
30,97,1
30,98,3
30,99,1
30,100,4
30,101,0
30,102,1
30,103,4
30,104,0
30,105,2
30,106,1
30,107,1
30,108,3
30,109,3
30,110,1
30,111,1
30,112,8
30,113,11
30,114,1
30,115,2
30,116,4
30,117,1
31,0,3
31,1,2
31,2,2
31,3,4
31,4,1
31,5,0
31,6,2
31,7,3
31,8,0
31,9,0
31,10,3
31,11,0
31,12,0
31,13,2
31,14,3
31,15,3
31,16,2
31,17,0
31,18,2
31,19,2
31,20,8
31,21,1
31,22,4
31,23,0
31,24,0
31,25,4
31,26,9
31,27,3
31,28,1
31,29,1
31,30,2
31,31,2
31,32,2
31,33,6
31,34,7
31,35,1
31,36,2
31,37,3
31,38,1
31,39,1
31,40,1
31,41,2
31,42,1
31,43,0
31,44,0
31,45,1
31,46,2
31,47,2
31,48,0
31,49,0
31,50,2
31,51,1
31,52,1
31,53,2
31,54,0
31,55,1
31,56,3
31,57,2
31,58,0
31,59,1
31,60,0
31,61,0
31,62,0
31,63,2
31,64,0
31,65,2
31,66,4
31,67,3
31,68,7
31,69,0
31,70,0
31,71,2
31,72,1
31,73,0
31,74,1
31,75,1
31,76,0
31,77,1
31,78,0
31,79,1
31,80,2
31,81,2
31,82,1
31,83,0
31,84,0
31,85,7
31,86,5
31,87,4
31,88,5
31,89,0
31,90,0
31,91,3
31,92,8
31,93,0
31,94,1
31,95,0
31,96,0
31,97,2
31,98,1
31,99,3
31,100,3
31,101,0
31,102,2
31,103,4
31,104,2
31,105,10
31,106,0
31,107,0
31,108,1
31,109,1
31,110,0
31,111,3
31,112,14
31,113,3
31,114,1
31,115,3
31,116,0
31,117,0
32,0,2
32,1,1
32,2,1
32,3,1
32,4,0
32,5,0
32,6,2
32,7,6
32,8,2
32,9,4
32,10,2
32,11,1
32,12,1
32,13,1
32,14,0
32,15,3
32,16,7
32,17,0
32,18,1
32,19,1
32,20,3
32,21,2
32,22,0
32,23,3
32,24,1
32,25,6
32,26,2
32,27,0
32,28,1
32,29,0
32,30,6
32,31,0
32,32,3
32,33,4
32,34,4
32,35,1
32,36,1
32,37,1
32,38,3
32,39,1
32,40,2
32,41,0
32,42,0
32,43,3
32,44,0
32,45,1
32,46,0
32,47,0
32,48,1
32,49,1
32,50,4
32,51,3
32,52,1
32,53,0
32,54,0
32,55,3
32,56,1
32,57,0
32,58,1
32,59,1
32,60,3
32,61,1
32,62,1
32,63,1
32,64,1
32,65,2
32,66,1
32,67,0
32,68,2
32,69,0
32,70,1
32,71,0
32,72,2
32,73,0
32,74,1
32,75,1
32,76,1
32,77,1
32,78,1
32,79,0
32,80,0
32,81,0
32,82,2
32,83,1
32,84,0
32,85,6
32,86,2
32,87,8
32,88,8
32,89,0
32,90,0
32,91,5
32,92,8
32,93,1
32,94,3
32,95,2
32,96,3
32,97,0
32,98,0
32,99,0
32,100,5
32,101,2
32,102,6
32,103,7
32,104,0
32,105,5
32,106,0
32,107,2
32,108,0
32,109,3
32,110,1
32,111,1
32,112,2
32,113,2
32,114,0
32,115,0
32,116,0
32,117,2
33,0,0
33,1,3
33,2,0
33,3,0
33,4,1
33,5,2
33,6,2
33,7,5
33,8,1
33,9,3
33,10,1
33,11,3
33,12,1
33,13,3
33,14,0
33,15,4
33,16,4
33,17,1
33,18,0
33,19,3
33,20,3
33,21,2
33,22,0
33,23,0
33,24,0
33,25,4
33,26,6
33,27,2
33,28,3
33,29,1
33,30,6
33,31,1
33,32,4
33,33,2
33,34,4
33,35,1
33,36,1
33,37,2
33,38,1
33,39,1
33,40,1
33,41,3
33,42,0
33,43,0
33,44,0
33,45,1
33,46,1
33,47,0
33,48,1
33,49,1
33,50,0
33,51,2
33,52,1
33,53,1
33,54,5
33,55,2
33,56,1
33,57,0
33,58,4
33,59,2
33,60,0
33,61,0
33,62,1
33,63,1
33,64,0
33,65,1
33,66,0
33,67,6
33,68,5
33,69,7
33,70,0
33,71,4
33,72,0
33,73,0
33,74,2
33,75,1
33,76,0
33,77,1
33,78,3
33,79,1
33,80,0
33,81,0
33,82,3
33,83,2
33,84,1
33,85,11
33,86,2
33,87,2
33,88,3
33,89,1
33,90,1
33,91,9
33,92,7
33,93,0
33,94,1
33,95,0
33,96,0
33,97,0
33,98,1
33,99,0
33,100,6
33,101,2
33,102,8
33,103,7
33,104,2
33,105,2
33,106,0
33,107,1
33,108,3
33,109,1
33,110,2
33,111,5
33,112,4
33,113,3
33,114,1
33,115,0
33,116,0
33,117,1
34,0,2
34,1,0
34,2,2
34,3,1
34,4,1
34,5,3
34,6,0
34,7,5
34,8,3
34,9,1
34,10,3
34,11,1
34,12,2
34,13,2
34,14,2
34,15,1
34,16,7
34,17,1
34,18,0
34,19,0
34,20,4
34,21,0
34,22,1
34,23,0
34,24,0
34,25,2
34,26,8
34,27,2
34,28,0
34,29,0
34,30,3
34,31,1
34,32,3
34,33,8
34,34,4
34,35,0
34,36,1
34,37,2
34,38,1
34,39,1
34,40,5
34,41,0
34,42,0
34,43,0
34,44,1
34,45,1
34,46,1
34,47,0
34,48,2
34,49,0
34,50,3
34,51,1
34,52,1
34,53,0
34,54,0
34,55,2
34,56,3
34,57,3
34,58,2
34,59,1
34,60,1
34,61,2
34,62,2
34,63,1
34,64,1
34,65,2
34,66,2
34,67,3
34,68,4
34,69,2
34,70,0
34,71,3
34,72,0
34,73,1
34,74,1
34,75,2
34,76,1
34,77,1
34,78,2
34,79,0
34,80,0
34,81,2
34,82,0
34,83,0
34,84,0
34,85,2
34,86,1
34,87,2
34,88,5
34,89,1
34,90,2
34,91,1
34,92,7
34,93,0
34,94,0
34,95,2
34,96,1
34,97,0
34,98,1
34,99,1
34,100,1
34,101,1
34,102,1
34,103,3
34,104,1
34,105,1
34,106,1
34,107,1
34,108,3
34,109,0
34,110,1
34,111,1
34,112,6
34,113,2
34,114,1
34,115,0
34,116,1
34,117,1
35,0,2
35,1,2
35,2,0
35,3,1
35,4,1
35,5,1
35,6,0
35,7,3
35,8,2
35,9,1
35,10,1
35,11,2
35,12,2
35,13,0
35,14,2
35,15,1
35,16,6
35,17,1
35,18,4
35,19,4
35,20,4
35,21,0
35,22,1
35,23,0
35,24,2
35,25,0
35,26,1
35,27,1
35,28,2
35,29,0
35,30,3
35,31,2
35,32,1
35,33,6
35,34,2
35,35,3
35,36,0
35,37,3
35,38,3
35,39,4
35,40,0
35,41,1
35,42,1
35,43,0
35,44,1
35,45,2
35,46,1
35,47,1
35,48,1
35,49,1
35,50,1
35,51,0
35,52,0
35,53,1
35,54,1
35,55,0
35,56,2
35,57,1
35,58,3
35,59,1
35,60,0
35,61,1
35,62,0
35,63,1
35,64,0
35,65,0
35,66,2
35,67,1
35,68,6
35,69,2
35,70,3
35,71,2
35,72,1
35,73,1
35,74,1
35,75,0
35,76,1
35,77,0
35,78,0
35,79,0
35,80,0
35,81,0
35,82,2
35,83,0
35,84,0
35,85,5
35,86,0
35,87,8
35,88,7
35,89,2
35,90,1
35,91,2
35,92,4
35,93,1
35,94,0
35,95,3
35,96,1
35,97,1
35,98,1
35,99,1
35,100,7
35,101,2
35,102,3
35,103,4
35,104,2
35,105,1
35,106,0
35,107,0
35,108,3
35,109,1
35,110,2
35,111,0
35,112,7
35,113,5
35,114,0
35,115,2
35,116,1
35,117,2
36,0,0
36,1,2
36,2,1
36,3,2
36,4,1
36,5,0
36,6,2
36,7,4
36,8,1
36,9,2
36,10,0
36,11,0
36,12,2
36,13,0
36,14,0
36,15,1
36,16,2
36,17,0
36,18,0
36,19,1
36,20,5
36,21,1
36,22,0
36,23,2
36,24,1
36,25,2
36,26,4
36,27,0
36,28,1
36,29,1
36,30,2
36,31,1
36,32,4
36,33,7
36,34,5
36,35,4
36,36,0
36,37,0
36,38,1
36,39,2
36,40,0
36,41,1
36,42,0
36,43,1
36,44,1
36,45,1
36,46,2
36,47,0
36,48,1
36,49,1
36,50,1
36,51,1
36,52,2
36,53,1
36,54,0
36,55,1
36,56,1
36,57,2
36,58,0
36,59,0
36,60,0
36,61,0
36,62,1
36,63,2
36,64,1
36,65,2
36,66,0
36,67,0
36,68,5
36,69,1
36,70,0
36,71,0
36,72,1
36,73,1
36,74,1
36,75,1
36,76,3
36,77,0
36,78,4
36,79,0
36,80,0
36,81,1
36,82,3
36,83,0
36,84,0
36,85,8
36,86,2
36,87,6
36,88,0
36,89,1
36,90,1
36,91,4
36,92,6
36,93,2
36,94,1
36,95,1
36,96,4
36,97,0
36,98,0
36,99,1
36,100,3
36,101,3
36,102,2
36,103,3
36,104,1
36,105,7
36,106,0
36,107,0
36,108,1
36,109,1
36,110,2
36,111,3
36,112,4
36,113,7
36,114,2
36,115,0
36,116,1
36,117,2
37,0,1
37,1,2
37,2,0
37,3,0
37,4,0
37,5,2
37,6,0
37,7,1
37,8,2
37,9,1
37,10,2
37,11,4
37,12,1
37,13,0
37,14,2
37,15,2
37,16,1
37,17,0
37,18,2
37,19,1
37,20,1
37,21,0
37,22,3
37,23,0
37,24,0
37,25,2
37,26,3
37,27,0
37,28,3
37,29,1
37,30,3
37,31,0
37,32,6
37,33,1
37,34,4
37,35,1
37,36,0
37,37,1
37,38,1
37,39,0
37,40,3
37,41,1
37,42,0
37,43,2
37,44,1
37,45,0
37,46,1
37,47,0
37,48,0
37,49,0
37,50,0
37,51,0
37,52,0
37,53,0
37,54,2
37,55,1
37,56,0
37,57,1
37,58,3
37,59,0
37,60,0
37,61,0
37,62,0
37,63,1
37,64,4
37,65,2
37,66,4
37,67,0
37,68,11
37,69,1
37,70,1
37,71,3
37,72,1
37,73,0
37,74,1
37,75,0
37,76,1
37,77,1
37,78,0
37,79,0
37,80,1
37,81,0
37,82,1
37,83,1
37,84,2
37,85,2
37,86,0
37,87,6
37,88,5
37,89,3
37,90,0
37,91,3
37,92,3
37,93,1
37,94,0
37,95,0
37,96,2
37,97,0
37,98,1
37,99,2
37,100,4
37,101,1
37,102,2
37,103,3
37,104,1
37,105,8
37,106,2
37,107,1
37,108,1
37,109,2
37,110,0
37,111,0
37,112,3
37,113,2
37,114,0
37,115,0
37,116,1
37,117,1
38,0,2
38,1,3
38,2,1
38,3,0
38,4,2
38,5,1
38,6,0
38,7,8
38,8,0
38,9,0
38,10,0
38,11,1
38,12,0
38,13,1
38,14,0
38,15,1
38,16,6
38,17,3
38,18,2
38,19,1
38,20,3
38,21,2
38,22,1
38,23,1
38,24,2
38,25,9
38,26,4
38,27,0
38,28,4
38,29,2
38,30,9
38,31,1
38,32,3
38,33,8
38,34,9
38,35,2
38,36,1
38,37,2
38,38,1
38,39,1
38,40,1
38,41,0
38,42,0
38,43,3
38,44,0
38,45,1
38,46,1
38,47,2
38,48,3
38,49,1
38,50,0
38,51,0
38,52,0
38,53,0
38,54,2
38,55,1
38,56,0
38,57,1
38,58,1
38,59,1
38,60,1
38,61,0
38,62,0
38,63,1
38,64,0
38,65,2
38,66,1
38,67,1
38,68,8
38,69,1
38,70,1
38,71,0
38,72,4
38,73,0
38,74,1
38,75,1
38,76,6
38,77,1
38,78,1
38,79,4
38,80,0
38,81,1
38,82,0
38,83,1
38,84,1
38,85,6
38,86,1
38,87,9
38,88,3
38,89,1
38,90,1
38,91,8
38,92,5
38,93,1
38,94,0
38,95,2
38,96,1
38,97,0
38,98,0
38,99,0
38,100,6
38,101,1
38,102,6
38,103,7
38,104,0
38,105,3
38,106,0
38,107,0
38,108,2
38,109,0
38,110,2
38,111,1
38,112,4
38,113,2
38,114,0
38,115,1
38,116,0
38,117,0
39,0,0
39,1,1
39,2,1
39,3,1
39,4,0
39,5,0
39,6,0
39,7,3
39,8,3
39,9,1
39,10,0
39,11,1
39,12,5
39,13,4
39,14,0
39,15,1
39,16,1
39,17,0
39,18,3
39,19,1
39,20,1
39,21,1
39,22,1
39,23,0
39,24,2
39,25,2
39,26,4
39,27,0
39,28,2
39,29,0
39,30,1
39,31,4
39,32,2
39,33,5
39,34,2
39,35,4
39,36,1
39,37,0
39,38,2
39,39,7
39,40,3
39,41,0
39,42,1
39,43,0
39,44,1
39,45,1
39,46,0
39,47,2
39,48,2
39,49,2
39,50,0
39,51,0
39,52,1
39,53,0
39,54,2
39,55,1
39,56,1
39,57,1
39,58,0
39,59,0
39,60,0
39,61,2
39,62,1
39,63,1
39,64,0
39,65,0
39,66,0
39,67,1
39,68,12
39,69,0
39,70,1
39,71,2
39,72,2
39,73,1
39,74,2
39,75,3
39,76,0
39,77,0
39,78,0
39,79,0
39,80,0
39,81,1
39,82,2
39,83,0
39,84,0
39,85,7
39,86,0
39,87,7
39,88,3
39,89,0
39,90,0
39,91,2
39,92,4
39,93,0
39,94,1
39,95,1
39,96,3
39,97,1
39,98,0
39,99,0
39,100,3
39,101,2
39,102,3
39,103,2
39,104,2
39,105,1
39,106,1
39,107,1
39,108,1
39,109,4
39,110,1
39,111,7
39,112,3
39,113,2
39,114,3
39,115,1
39,116,0
39,117,0
40,0,1
40,1,3
40,2,1
40,3,2
40,4,2
40,5,1
40,6,2
40,7,2
40,8,1
40,9,1
40,10,0
40,11,1
40,12,2
40,13,1
40,14,1
40,15,1
40,16,7
40,17,3
40,18,0
40,19,0
40,20,4
40,21,2
40,22,0
40,23,0
40,24,0
40,25,5
40,26,2
40,27,0
40,28,1
40,29,1
40,30,7
40,31,0
40,32,7
40,33,10
40,34,5
40,35,0
40,36,0
40,37,2
40,38,0
40,39,2
40,40,1
40,41,0
40,42,0
40,43,0
40,44,1
40,45,0
40,46,0
40,47,1
40,48,1
40,49,0
40,50,0
40,51,1
40,52,1
40,53,0
40,54,1
40,55,1
40,56,2
40,57,0
40,58,0
40,59,2
40,60,2
40,61,0
40,62,1
40,63,1
40,64,0
40,65,0
40,66,2
40,67,4
40,68,7
40,69,1
40,70,1
40,71,1
40,72,0
40,73,0
40,74,2
40,75,2
40,76,2
40,77,1
40,78,0
40,79,0
40,80,0
40,81,0
40,82,0
40,83,2
40,84,0
40,85,5
40,86,0
40,87,3
40,88,7
40,89,1
40,90,2
40,91,3
40,92,12
40,93,0
40,94,1
40,95,4
40,96,1
40,97,1
40,98,1
40,99,0
40,100,5
40,101,1
40,102,6
40,103,6
40,104,1
40,105,11
40,106,2
40,107,1
40,108,0
40,109,1
40,110,2
40,111,3
40,112,7
40,113,6
40,114,0
40,115,0
40,116,1
40,117,2
41,0,0
41,1,0
41,2,2
41,3,2
41,4,3
41,5,6
41,6,2
41,7,9
41,8,2
41,9,2
41,10,2
41,11,0
41,12,1
41,13,3
41,14,0
41,15,0
41,16,5
41,17,5
41,18,2
41,19,2
41,20,10
41,21,2
41,22,2
41,23,1
41,24,1
41,25,4
41,26,6
41,27,0
41,28,3
41,29,1
41,30,3
41,31,0
41,32,3
41,33,6
41,34,8
41,35,0
41,36,2
41,37,0
41,38,2
41,39,1
41,40,0
41,41,1
41,42,1
41,43,3
41,44,0
41,45,1
41,46,0
41,47,1
41,48,1
41,49,0
41,50,2
41,51,2
41,52,3
41,53,0
41,54,0
41,55,3
41,56,3
41,57,3
41,58,0
41,59,2
41,60,1
41,61,1
41,62,0
41,63,3
41,64,0
41,65,0
41,66,1
41,67,0
41,68,5
41,69,1
41,70,0
41,71,0
41,72,1
41,73,0
41,74,1
41,75,1
41,76,4
41,77,2
41,78,2
41,79,2
41,80,1
41,81,0
41,82,1
41,83,1
41,84,1
41,85,5
41,86,2
41,87,0
41,88,1
41,89,1
41,90,2
41,91,6
41,92,5
41,93,1
41,94,1
41,95,2
41,96,0
41,97,3
41,98,2
41,99,2
41,100,4
41,101,2
41,102,6
41,103,9
41,104,0
41,105,7
41,106,2
41,107,0
41,108,0
41,109,4
41,110,0
41,111,0
41,112,5
41,113,5
41,114,1
41,115,2
41,116,1
41,117,1
42,0,1
42,1,1
42,2,3
42,3,1
42,4,1
42,5,2
42,6,2
42,7,4
42,8,1
42,9,0
42,10,0
42,11,0
42,12,0
42,13,1
42,14,1
42,15,1
42,16,5
42,17,1
42,18,1
42,19,1
42,20,5
42,21,0
42,22,1
42,23,1
42,24,0
42,25,1
42,26,1
42,27,2
42,28,2
42,29,0
42,30,7
42,31,0
42,32,1
42,33,4
42,34,3
42,35,3
42,36,0
42,37,1
42,38,0
42,39,0
42,40,3
42,41,3
42,42,2
42,43,1
42,44,0
42,45,4
42,46,0
42,47,1
42,48,2
42,49,0
42,50,0
42,51,1
42,52,3
42,53,2
42,54,3
42,55,2
42,56,2
42,57,0
42,58,1
42,59,2
42,60,1
42,61,0
42,62,5
42,63,4
42,64,0
42,65,1
42,66,0
42,67,1
42,68,5
42,69,1
42,70,1
42,71,0
42,72,0
42,73,0
42,74,2
42,75,0
42,76,1
42,77,0
42,78,0
42,79,4
42,80,0
42,81,2
42,82,1
42,83,1
42,84,1
42,85,2
42,86,3
42,87,1
42,88,5
42,89,2
42,90,0
42,91,5
42,92,6
42,93,0
42,94,2
42,95,1
42,96,2
42,97,1
42,98,2
42,99,1
42,100,5
42,101,2
42,102,5
42,103,3
42,104,1
42,105,0
42,106,0
42,107,0
42,108,0
42,109,4
42,110,0
42,111,1
42,112,1
42,113,8
42,114,0
42,115,1
42,116,0
42,117,1
43,0,2
43,1,1
43,2,3
43,3,1
43,4,1
43,5,2
43,6,0
43,7,5
43,8,1
43,9,1
43,10,0
43,11,0
43,12,0
43,13,1
43,14,0
43,15,1
43,16,3
43,17,3
43,18,1
43,19,1
43,20,6
43,21,0
43,22,1
43,23,1
43,24,0
43,25,3
43,26,1
43,27,6
43,28,1
43,29,1
43,30,3
43,31,2
43,32,3
43,33,3
43,34,3
43,35,0
43,36,0
43,37,0
43,38,1
43,39,5
43,40,0
43,41,0
43,42,0
43,43,0
43,44,2
43,45,1
43,46,1
43,47,0
43,48,0
43,49,2
43,50,0
43,51,1
43,52,0
43,53,0
43,54,3
43,55,3
43,56,2
43,57,0
43,58,3
43,59,0
43,60,1
43,61,0
43,62,0
43,63,0
43,64,1
43,65,0
43,66,0
43,67,1
43,68,7
43,69,0
43,70,0
43,71,0
43,72,2
43,73,1
43,74,1
43,75,1
43,76,2
43,77,0
43,78,0
43,79,2
43,80,1
43,81,0
43,82,0
43,83,1
43,84,0
43,85,5
43,86,2
43,87,5
43,88,4
43,89,2
43,90,2
43,91,4
43,92,4
43,93,0
43,94,1
43,95,1
43,96,1
43,97,0
43,98,1
43,99,0
43,100,3
43,101,4
43,102,1
43,103,8
43,104,0
43,105,7
43,106,2
43,107,1
43,108,2
43,109,0
43,110,1
43,111,1
43,112,4
43,113,3
43,114,0
43,115,1
43,116,0
43,117,0
44,0,2
44,1,4
44,2,2
44,3,1
44,4,3
44,5,2
44,6,2
44,7,7
44,8,1
44,9,1
44,10,1
44,11,0
44,12,1
44,13,0
44,14,1
44,15,2
44,16,1
44,17,0
44,18,0
44,19,3
44,20,3
44,21,2
44,22,0
44,23,0
44,24,1
44,25,4
44,26,8
44,27,0
44,28,0
44,29,0
44,30,2
44,31,1
44,32,2
44,33,1
44,34,5
44,35,0
44,36,1
44,37,1
44,38,0
44,39,3
44,40,2
44,41,0
44,42,2
44,43,0
44,44,1
44,45,0
44,46,1
44,47,1
44,48,1
44,49,1
44,50,1
44,51,2
44,52,0
44,53,0
44,54,1
44,55,4
44,56,0
44,57,2
44,58,1
44,59,1
44,60,1
44,61,0
44,62,1
44,63,0
44,64,0
44,65,2
44,66,0
44,67,1
44,68,9
44,69,2
44,70,0
44,71,1
44,72,1
44,73,1
44,74,0
44,75,1
44,76,2
44,77,1
44,78,1
44,79,2
44,80,1
44,81,3
44,82,0
44,83,0
44,84,1
44,85,2
44,86,1
44,87,2
44,88,4
44,89,2
44,90,2
44,91,6
44,92,1
44,93,1
44,94,0
44,95,0
44,96,3
44,97,1
44,98,2
44,99,0
44,100,3
44,101,1
44,102,4
44,103,6
44,104,3
44,105,10
44,106,1
44,107,0
44,108,0
44,109,2
44,110,1
44,111,1
44,112,4
44,113,2
44,114,0
44,115,0
44,116,2
44,117,2
45,0,3
45,1,1
45,2,1
45,3,1
45,4,0
45,5,1
45,6,0
45,7,4
45,8,2
45,9,2
45,10,0
45,11,0
45,12,1
45,13,1
45,14,0
45,15,1
45,16,1
45,17,0
45,18,1
45,19,2
45,20,0
45,21,1
45,22,1
45,23,0
45,24,0
45,25,4
45,26,3
45,27,3
45,28,1
45,29,3
45,30,7
45,31,1
45,32,2
45,33,4
45,34,4
45,35,3
45,36,1
45,37,0
45,38,4
45,39,0
45,40,0
45,41,5
45,42,2
45,43,1
45,44,0
45,45,2
45,46,2
45,47,0
45,48,0
45,49,0
45,50,1
45,51,2
45,52,1
45,53,1
45,54,2
45,55,2
45,56,2
45,57,3
45,58,2
45,59,1
45,60,0
45,61,0
45,62,1
45,63,2
45,64,0
45,65,0
45,66,2
45,67,0
45,68,2
45,69,0
45,70,2
45,71,4
45,72,0
45,73,0
45,74,1
45,75,1
45,76,3
45,77,1
45,78,5
45,79,1
45,80,1
45,81,2
45,82,2
45,83,0
45,84,2
45,85,2
45,86,1
45,87,3
45,88,1
45,89,3
45,90,0
45,91,0
45,92,3
45,93,0
45,94,0
45,95,1
45,96,1
45,97,0
45,98,0
45,99,0
45,100,1
45,101,0
45,102,7
45,103,2
45,104,0
45,105,0
45,106,3
45,107,0
45,108,0
45,109,0
45,110,0
45,111,1
45,112,9
45,113,2
45,114,0
45,115,2
45,116,2
45,117,1
46,0,0
46,1,2
46,2,0
46,3,1
46,4,1
46,5,3
46,6,1
46,7,5
46,8,2
46,9,1
46,10,2
46,11,1
46,12,0
46,13,1
46,14,0
46,15,3
46,16,2
46,17,0
46,18,2
46,19,1
46,20,2
46,21,3
46,22,3
46,23,0
46,24,1
46,25,5
46,26,6
46,27,2
46,28,2
46,29,0
46,30,4
46,31,0
46,32,5
46,33,2
46,34,2
46,35,1
46,36,2
46,37,4
46,38,3
46,39,2
46,40,1
46,41,1
46,42,0
46,43,1
46,44,0
46,45,1
46,46,3
46,47,0
46,48,1
46,49,1
46,50,0
46,51,3
46,52,0
46,53,1
46,54,3
46,55,2
46,56,2
46,57,1
46,58,0
46,59,0
46,60,0
46,61,6
46,62,0
46,63,1
46,64,0
46,65,0
46,66,3
46,67,2
46,68,4
46,69,1
46,70,1
46,71,2
46,72,1
46,73,1
46,74,0
46,75,5
46,76,3
46,77,1
46,78,0
46,79,1
46,80,3
46,81,1
46,82,1
46,83,0
46,84,0
46,85,1
46,86,2
46,87,2
46,88,4
46,89,1
46,90,1
46,91,6
46,92,6
46,93,0
46,94,1
46,95,0
46,96,0
46,97,1
46,98,2
46,99,0
46,100,4
46,101,2
46,102,6
46,103,3
46,104,0
46,105,1
46,106,2
46,107,1
46,108,1
46,109,2
46,110,4
46,111,3
46,112,2
46,113,2
46,114,5
46,115,0
46,116,0
46,117,0
47,0,0
47,1,1
47,2,0
47,3,0
47,4,0
47,5,1
47,6,2
47,7,5
47,8,1
47,9,2
47,10,1
47,11,1
47,12,0
47,13,2
47,14,0
47,15,1
47,16,5
47,17,2
47,18,0
47,19,1
47,20,3
47,21,0
47,22,0
47,23,2
47,24,1
47,25,6
47,26,6
47,27,0
47,28,2
47,29,1
47,30,5
47,31,0
47,32,5
47,33,9
47,34,3
47,35,1
47,36,1
47,37,1
47,38,2
47,39,0
47,40,3
47,41,6
47,42,1
47,43,1
47,44,2
47,45,2
47,46,1
47,47,0
47,48,1
47,49,0
47,50,1
47,51,2
47,52,2
47,53,0
47,54,0
47,55,2
47,56,3
47,57,2
47,58,0
47,59,0
47,60,0
47,61,0
47,62,0
47,63,1
47,64,1
47,65,1
47,66,0
47,67,3
47,68,10
47,69,2
47,70,0
47,71,2
47,72,1
47,73,1
47,74,1
47,75,3
47,76,0
47,77,3
47,78,2
47,79,0
47,80,2
47,81,2
47,82,1
47,83,0
47,84,0
47,85,9
47,86,1
47,87,1
47,88,4
47,89,4
47,90,1
47,91,3
47,92,2
47,93,0
47,94,1
47,95,3
47,96,0
47,97,1
47,98,1
47,99,2
47,100,5
47,101,2
47,102,1
47,103,3
47,104,0
47,105,1
47,106,1
47,107,0
47,108,2
47,109,0
47,110,2
47,111,2
47,112,8
47,113,4
47,114,0
47,115,0
47,116,2
47,117,2
48,0,0
48,1,3
48,2,0
48,3,3
48,4,1
48,5,2
48,6,0
48,7,4
48,8,0
48,9,0
48,10,2
48,11,0
48,12,1
48,13,2
48,14,1
48,15,1
48,16,6
48,17,1
48,18,1
48,19,1
48,20,6
48,21,0
48,22,5
48,23,0
48,24,0
48,25,5
48,26,7
48,27,1
48,28,2
48,29,0
48,30,0
48,31,1
48,32,4
48,33,4
48,34,3
48,35,0
48,36,1
48,37,1
48,38,0
48,39,0
48,40,0
48,41,1
48,42,1
48,43,2
48,44,2
48,45,0
48,46,1
48,47,0
48,48,1
48,49,0
48,50,1
48,51,3
48,52,2
48,53,0
48,54,4
48,55,1
48,56,2
48,57,2
48,58,0
48,59,2
48,60,0
48,61,0
48,62,0
48,63,3
48,64,1
48,65,1
48,66,3
48,67,1
48,68,3
48,69,1
48,70,0
48,71,2
48,72,3
48,73,1
48,74,0
48,75,1
48,76,2
48,77,2
48,78,1
48,79,1
48,80,1
48,81,1
48,82,1
48,83,2
48,84,1
48,85,8
48,86,0
48,87,3
48,88,4
48,89,1
48,90,2
48,91,8
48,92,3
48,93,2
48,94,1
48,95,2
48,96,4
48,97,1
48,98,3
48,99,0
48,100,4
48,101,0
48,102,2
48,103,1
48,104,1
48,105,7
48,106,3
48,107,1
48,108,1
48,109,1
48,110,3
48,111,1
48,112,4
48,113,1
48,114,3
48,115,1
48,116,1
48,117,0
49,0,0
49,1,2
49,2,2
49,3,0
49,4,3
49,5,3
49,6,4
49,7,2
49,8,2
49,9,2
49,10,4
49,11,1
49,12,3
49,13,0
49,14,1
49,15,2
49,16,9
49,17,1
49,18,1
49,19,2
49,20,6
49,21,0
49,22,0
49,23,2
49,24,0
49,25,4
49,26,4
49,27,0
49,28,0
49,29,1
49,30,4
49,31,3
49,32,6
49,33,3
49,34,4
49,35,0
49,36,0
49,37,2
49,38,4
49,39,2
49,40,4
49,41,0
49,42,1
49,43,0
49,44,0
49,45,4
49,46,1
49,47,1
49,48,2
49,49,1
49,50,1
49,51,0
49,52,0
49,53,0
49,54,2
49,55,2
49,56,3
49,57,1
49,58,0
49,59,0
49,60,1
49,61,3
49,62,2
49,63,2
49,64,1
49,65,1
49,66,0
49,67,1
49,68,5
49,69,1
49,70,1
49,71,2
49,72,1
49,73,0
49,74,0
49,75,1
49,76,1
49,77,0
49,78,0
49,79,0
49,80,1
49,81,1
49,82,1
49,83,1
49,84,1
49,85,2
49,86,0
49,87,5
49,88,4
49,89,2
49,90,1
49,91,3
49,92,8
49,93,1
49,94,1
49,95,2
49,96,2
49,97,1
49,98,0
49,99,0
49,100,5
49,101,2
49,102,5
49,103,1
49,104,1
49,105,3
49,106,1
49,107,2
49,108,0
49,109,1
49,110,1
49,111,0
49,112,8
49,113,5
49,114,2
49,115,1
49,116,0
49,117,1
50,0,3
50,1,1
50,2,3
50,3,3
50,4,1
50,5,1
50,6,1
50,7,2
50,8,0
50,9,1
50,10,2
50,11,0
50,12,0
50,13,1
50,14,1
50,15,1
50,16,2
50,17,2
50,18,0
50,19,1
50,20,1
50,21,3
50,22,0
50,23,0
50,24,2
50,25,3
50,26,5
50,27,0
50,28,1
50,29,0
50,30,6
50,31,0
50,32,4
50,33,1
50,34,3
50,35,3
50,36,1
50,37,2
50,38,2
50,39,1
50,40,1
50,41,1
50,42,1
50,43,0
50,44,1
50,45,1
50,46,1
50,47,0
50,48,0
50,49,2
50,50,2
50,51,1
50,52,2
50,53,0
50,54,1
50,55,2
50,56,2
50,57,1
50,58,1
50,59,0
50,60,0
50,61,0
50,62,0
50,63,2
50,64,2
50,65,1
50,66,0
50,67,0
50,68,10
50,69,0
50,70,0
50,71,0
50,72,1
50,73,2
50,74,1
50,75,0
50,76,0
50,77,0
50,78,1
50,79,1
50,80,0
50,81,0
50,82,2
50,83,0
50,84,1
50,85,4
50,86,1
50,87,4
50,88,10
50,89,0
50,90,4
50,91,3
50,92,1
50,93,2
50,94,0
50,95,0
50,96,2
50,97,1
50,98,0
50,99,0
50,100,5
50,101,3
50,102,0
50,103,6
50,104,0
50,105,1
50,106,1
50,107,3
50,108,1
50,109,0
50,110,1
50,111,0
50,112,4
50,113,1
50,114,0
50,115,0
50,116,1
50,117,1
51,0,0
51,1,0
51,2,2
51,3,1
51,4,5
51,5,1
51,6,3
51,7,6
51,8,4
51,9,1
51,10,1
51,11,1
51,12,1
51,13,1
51,14,3
51,15,1
51,16,3
51,17,3
51,18,2
51,19,0
51,20,0
51,21,0
51,22,3
51,23,0
51,24,0
51,25,4
51,26,7
51,27,1
51,28,1
51,29,1
51,30,2
51,31,0
51,32,6
51,33,2
51,34,6
51,35,0
51,36,3
51,37,4
51,38,1
51,39,1
51,40,0
51,41,0
51,42,1
51,43,3
51,44,0
51,45,3
51,46,0
51,47,1
51,48,2
51,49,2
51,50,0
51,51,2
51,52,1
51,53,1
51,54,1
51,55,0
51,56,4
51,57,3
51,58,2
51,59,1
51,60,1
51,61,3
51,62,0
51,63,1
51,64,2
51,65,2
51,66,2
51,67,0
51,68,8
51,69,3
51,70,0
51,71,0
51,72,1
51,73,1
51,74,2
51,75,1
51,76,3
51,77,0
51,78,0
51,79,0
51,80,3
51,81,0
51,82,1
51,83,0
51,84,1
51,85,9
51,86,1
51,87,6
51,88,1
51,89,2
51,90,0
51,91,4
51,92,5
51,93,1
51,94,3
51,95,1
51,96,2
51,97,1
51,98,5
51,99,1
51,100,2
51,101,2
51,102,5
51,103,6
51,104,1
51,105,6
51,106,1
51,107,2
51,108,2
51,109,2
51,110,1
51,111,0
51,112,6
51,113,5
51,114,0
51,115,0
51,116,1
51,117,0
52,0,0
52,1,1
52,2,1
52,3,1
52,4,1
52,5,2
52,6,1
52,7,5
52,8,1
52,9,3
52,10,3
52,11,0
52,12,5
52,13,1
52,14,1
52,15,1
52,16,1
52,17,0
52,18,3
52,19,4
52,20,3
52,21,0
52,22,1
52,23,0
52,24,3
52,25,3
52,26,2
52,27,2
52,28,2
52,29,0
52,30,0
52,31,2
52,32,5
52,33,6
52,34,1
52,35,4
52,36,1
52,37,0
52,38,1
52,39,4
52,40,0
52,41,0
52,42,0
52,43,1
52,44,0
52,45,2
52,46,1
52,47,0
52,48,2
52,49,0
52,50,0
52,51,2
52,52,2
52,53,2
52,54,2
52,55,0
52,56,0
52,57,2
52,58,3
52,59,1
52,60,0
52,61,1
52,62,2
52,63,1
52,64,2
52,65,2
52,66,1
52,67,0
52,68,7
52,69,1
52,70,0
52,71,4
52,72,0
52,73,2
52,74,1
52,75,0
52,76,1
52,77,0
52,78,2
52,79,0
52,80,2
52,81,1
52,82,2
52,83,2
52,84,1
52,85,6
52,86,2
52,87,5
52,88,5
52,89,1
52,90,3
52,91,5
52,92,2
52,93,0
52,94,0
52,95,1
52,96,0
52,97,0
52,98,2
52,99,0
52,100,0
52,101,1
52,102,1
52,103,4
52,104,3
52,105,2
52,106,1
52,107,0
52,108,0
52,109,0
52,110,1
52,111,2
52,112,6
52,113,3
52,114,2
52,115,0
52,116,0
52,117,0
53,0,0
53,1,1
53,2,0
53,3,1
53,4,0
53,5,2
53,6,4
53,7,4
53,8,2
53,9,0
53,10,0
53,11,0
53,12,3
53,13,0
53,14,0
53,15,1
53,16,4
53,17,0
53,18,0
53,19,0
53,20,1
53,21,1
53,22,3
53,23,1
53,24,2
53,25,2
53,26,2
53,27,0
53,28,2
53,29,1
53,30,6
53,31,0
53,32,3
53,33,12
53,34,3
53,35,1
53,36,1
53,37,1
53,38,1
53,39,1
53,40,1
53,41,3
53,42,0
53,43,1
53,44,2
53,45,1
53,46,0
53,47,0
53,48,1
53,49,1
53,50,0
53,51,5
53,52,2
53,53,1
53,54,2
53,55,1
53,56,1
53,57,1
53,58,1
53,59,1
53,60,0
53,61,0
53,62,0
53,63,2
53,64,0
53,65,1
53,66,0
53,67,2
53,68,3
53,69,1
53,70,0
53,71,3
53,72,1
53,73,0
53,74,1
53,75,1
53,76,1
53,77,2
53,78,2
53,79,1
53,80,0
53,81,1
53,82,2
53,83,0
53,84,0
53,85,0
53,86,1
53,87,1
53,88,3
53,89,0
53,90,0
53,91,4
53,92,2
53,93,0
53,94,0
53,95,0
53,96,3
53,97,0
53,98,0
53,99,3
53,100,9
53,101,1
53,102,9
53,103,3
53,104,0
53,105,7
53,106,2
53,107,1
53,108,1
53,109,2
53,110,0
53,111,3
53,112,8
53,113,7
53,114,0
53,115,1
53,116,0
53,117,0
54,0,3
54,1,2
54,2,0
54,3,1
54,4,1
54,5,1
54,6,1
54,7,3
54,8,0
54,9,0
54,10,0
54,11,0
54,12,4
54,13,2
54,14,1
54,15,1
54,16,2
54,17,4
54,18,4
54,19,1
54,20,4
54,21,1
54,22,3
54,23,2
54,24,1
54,25,1
54,26,0
54,27,2
54,28,1
54,29,0
54,30,4
54,31,1
54,32,4
54,33,2
54,34,2
54,35,3
54,36,1
54,37,1
54,38,1
54,39,2
54,40,0
54,41,0
54,42,0
54,43,3
54,44,2
54,45,1
54,46,3
54,47,1
54,48,2
54,49,2
54,50,1
54,51,0
54,52,0
54,53,2
54,54,2
54,55,3
54,56,3
54,57,1
54,58,1
54,59,0
54,60,0
54,61,2
54,62,1
54,63,1
54,64,1
54,65,0
54,66,3
54,67,0
54,68,6
54,69,0
54,70,2
54,71,1
54,72,0
54,73,0
54,74,1
54,75,2
54,76,0
54,77,1
54,78,1
54,79,1
54,80,1
54,81,1
54,82,1
54,83,0
54,84,2
54,85,4
54,86,0
54,87,6
54,88,7
54,89,0
54,90,0
54,91,6
54,92,1
54,93,3
54,94,2
54,95,6
54,96,1
54,97,4
54,98,1
54,99,0
54,100,3
54,101,0
54,102,3
54,103,2
54,104,2
54,105,1
54,106,0
54,107,0
54,108,1
54,109,3
54,110,0
54,111,1
54,112,8
54,113,7
54,114,1
54,115,1
54,116,2
54,117,2
55,0,0
55,1,4
55,2,3
55,3,0
55,4,1
55,5,2
55,6,1
55,7,5
55,8,0
55,9,0
55,10,0
55,11,0
55,12,1
55,13,0
55,14,1
55,15,1
55,16,4
55,17,5
55,18,0
55,19,0
55,20,3
55,21,2
55,22,1
55,23,1
55,24,0
55,25,6
55,26,5
55,27,3
55,28,1
55,29,0
55,30,2
55,31,2
55,32,5
55,33,7
55,34,7
55,35,0
55,36,0
55,37,0
55,38,0
55,39,1
55,40,2
55,41,0
55,42,1
55,43,1
55,44,0
55,45,4
55,46,0
55,47,2
55,48,1
55,49,0
55,50,0
55,51,5
55,52,3
55,53,0
55,54,2
55,55,1
55,56,1
55,57,0
55,58,0
55,59,0
55,60,0
55,61,0
55,62,0
55,63,1
55,64,0
55,65,2
55,66,0
55,67,1
55,68,2
55,69,1
55,70,0
55,71,1
55,72,1
55,73,1
55,74,3
55,75,1
55,76,1
55,77,0
55,78,1
55,79,0
55,80,1
55,81,0
55,82,2
55,83,2
55,84,0
55,85,9
55,86,3
55,87,3
55,88,8
55,89,0
55,90,1
55,91,1
55,92,4
55,93,2
55,94,2
55,95,2
55,96,1
55,97,2
55,98,1
55,99,2
55,100,4
55,101,0
55,102,2
55,103,4
55,104,0
55,105,2
55,106,2
55,107,2
55,108,1
55,109,2
55,110,3
55,111,1
55,112,3
55,113,1
55,114,1
55,115,0
55,116,1
55,117,1
56,0,4
56,1,2
56,2,1
56,3,0
56,4,0
56,5,1
56,6,1
56,7,3
56,8,0
56,9,2
56,10,0
56,11,1
56,12,2
56,13,2
56,14,0
56,15,0
56,16,3
56,17,1
56,18,2
56,19,0
56,20,2
56,21,1
56,22,0
56,23,2
56,24,2
56,25,4
56,26,7
56,27,3
56,28,1
56,29,1
56,30,6
56,31,1
56,32,7
56,33,5
56,34,3
56,35,2
56,36,1
56,37,2
56,38,2
56,39,0
56,40,1
56,41,0
56,42,2
56,43,2
56,44,2
56,45,0
56,46,0
56,47,0
56,48,1
56,49,1
56,50,1
56,51,0
56,52,1
56,53,0
56,54,1
56,55,0
56,56,2
56,57,1
56,58,3
56,59,1
56,60,1
56,61,1
56,62,0
56,63,1
56,64,0
56,65,1
56,66,1
56,67,0
56,68,4
56,69,0
56,70,0
56,71,1
56,72,2
56,73,3
56,74,0
56,75,0
56,76,0
56,77,2
56,78,1
56,79,1
56,80,1
56,81,2
56,82,3
56,83,2
56,84,0
56,85,8
56,86,3
56,87,7
56,88,2
56,89,1
56,90,1
56,91,8
56,92,2
56,93,0
56,94,1
56,95,3
56,96,2
56,97,1
56,98,0
56,99,1
56,100,6
56,101,0
56,102,4
56,103,3
56,104,1
56,105,4
56,106,0
56,107,0
56,108,0
56,109,1
56,110,4
56,111,1
56,112,5
56,113,0
56,114,3
56,115,0
56,116,0
56,117,1
57,0,0
57,1,1
57,2,0
57,3,1
57,4,1
57,5,2
57,6,1
57,7,3
57,8,0
57,9,1
57,10,1
57,11,0
57,12,2
57,13,0
57,14,1
57,15,0
57,16,6
57,17,4
57,18,0
57,19,3
57,20,4
57,21,1
57,22,0
57,23,1
57,24,1
57,25,8
57,26,3
57,27,2
57,28,0
57,29,1
57,30,9
57,31,0
57,32,6
57,33,4
57,34,7
57,35,1
57,36,0
57,37,0
57,38,0
57,39,1
57,40,3
57,41,1
57,42,0
57,43,2
57,44,2
57,45,0
57,46,1
57,47,0
57,48,1
57,49,1
57,50,0
57,51,0
57,52,0
57,53,1
57,54,0
57,55,1
57,56,0
57,57,0
57,58,0
57,59,0
57,60,1
57,61,2
57,62,1
57,63,3
57,64,0
57,65,0
57,66,1
57,67,4
57,68,6
57,69,2
57,70,0
57,71,3
57,72,1
57,73,0
57,74,1
57,75,1
57,76,3
57,77,1
57,78,0
57,79,2
57,80,1
57,81,1
57,82,0
57,83,2
57,84,0
57,85,1
57,86,2
57,87,3
57,88,5
57,89,1
57,90,0
57,91,4
57,92,7
57,93,2
57,94,5
57,95,1
57,96,2
57,97,2
57,98,0
57,99,0
57,100,4
57,101,6
57,102,5
57,103,5
57,104,0
57,105,4
57,106,2
57,107,2
57,108,0
57,109,1
57,110,2
57,111,1
57,112,3
57,113,4
57,114,1
57,115,0
57,116,1
57,117,0
58,0,0
58,1,2
58,2,1
58,3,0
58,4,1
58,5,3
58,6,1
58,7,6
58,8,1
58,9,1
58,10,0
58,11,1
58,12,4
58,13,2
58,14,1
58,15,1
58,16,7
58,17,0
58,18,0
58,19,3
58,20,7
58,21,0
58,22,2
58,23,3
58,24,1
58,25,2
58,26,4
58,27,1
58,28,1
58,29,0
58,30,4
58,31,1
58,32,6
58,33,5
58,34,4
58,35,1
58,36,1
58,37,0
58,38,0
58,39,1
58,40,1
58,41,2
58,42,2
58,43,3
58,44,2
58,45,1
58,46,2
58,47,2
58,48,1
58,49,0
58,50,1
58,51,1
58,52,1
58,53,0
58,54,0
58,55,1
58,56,1
58,57,4
58,58,4
58,59,0
58,60,0
58,61,2
58,62,0
58,63,1
58,64,1
58,65,0
58,66,1
58,67,6
58,68,8
58,69,2
58,70,0
58,71,1
58,72,3
58,73,2
58,74,0
58,75,2
58,76,1
58,77,1
58,78,1
58,79,0
58,80,1
58,81,0
58,82,1
58,83,1
58,84,0
58,85,10
58,86,2
58,87,1
58,88,4
58,89,1
58,90,1
58,91,4
58,92,3
58,93,1
58,94,1
58,95,1
58,96,1
58,97,5
58,98,2
58,99,0
58,100,3
58,101,1
58,102,8
58,103,0
58,104,2
58,105,1
58,106,3
58,107,0
58,108,3
58,109,1
58,110,1
58,111,5
58,112,5
58,113,3
58,114,1
58,115,0
58,116,1
58,117,1
59,0,3
59,1,0
59,2,2
59,3,0
59,4,3
59,5,1
59,6,3
59,7,8
59,8,0
59,9,0
59,10,1
59,11,3
59,12,0
59,13,1
59,14,2
59,15,2
59,16,2
59,17,2
59,18,1
59,19,1
59,20,2
59,21,0
59,22,0
59,23,2
59,24,0
59,25,6
59,26,5
59,27,2
59,28,0
59,29,0
59,30,7
59,31,1
59,32,3
59,33,7
59,34,3
59,35,0
59,36,1
59,37,2
59,38,0
59,39,5
59,40,4
59,41,0
59,42,0
59,43,4
59,44,2
59,45,1
59,46,0
59,47,1
59,48,1
59,49,0
59,50,0
59,51,1
59,52,0
59,53,0
59,54,0
59,55,2
59,56,3
59,57,3
59,58,1
59,59,1
59,60,0
59,61,1
59,62,1
59,63,1
59,64,0
59,65,0
59,66,0
59,67,1
59,68,0
59,69,1
59,70,0
59,71,1
59,72,0
59,73,1
59,74,0
59,75,0
59,76,1
59,77,1
59,78,2
59,79,1
59,80,1
59,81,2
59,82,1
59,83,0
59,84,0
59,85,9
59,86,0
59,87,4
59,88,5
59,89,4
59,90,0
59,91,5
59,92,4
59,93,0
59,94,1
59,95,0
59,96,0
59,97,0
59,98,1
59,99,0
59,100,6
59,101,2
59,102,2
59,103,2
59,104,1
59,105,5
59,106,1
59,107,0
59,108,1
59,109,0
59,110,0
59,111,3
59,112,2
59,113,2
59,114,3
59,115,1
59,116,3
59,117,1
60,0,2
60,1,1
60,2,1
60,3,5
60,4,0
60,5,2
60,6,1
60,7,5
60,8,0
60,9,1
60,10,3
60,11,1
60,12,0
60,13,0
60,14,3
60,15,1
60,16,8
60,17,0
60,18,0
60,19,2
60,20,6
60,21,0
60,22,2
60,23,0
60,24,1
60,25,2
60,26,8
60,27,2
60,28,0
60,29,2
60,30,8
60,31,3
60,32,5
60,33,2
60,34,9
60,35,1
60,36,0
60,37,2
60,38,2
60,39,1
60,40,2
60,41,0
60,42,0
60,43,2
60,44,1
60,45,2
60,46,4
60,47,1
60,48,1
60,49,2
60,50,0
60,51,0
60,52,0
60,53,2
60,54,1
60,55,0
60,56,0
60,57,1
60,58,1
60,59,0
60,60,1
60,61,1
60,62,1
60,63,2
60,64,0
60,65,1
60,66,2
60,67,2
60,68,4
60,69,2
60,70,1
60,71,2
60,72,0
60,73,0
60,74,2
60,75,1
60,76,1
60,77,2
60,78,1
60,79,1
60,80,1
60,81,0
60,82,2
60,83,1
60,84,1
60,85,3
60,86,3
60,87,0
60,88,1
60,89,0
60,90,1
60,91,6
60,92,3
60,93,1
60,94,1
60,95,1
60,96,3
60,97,1
60,98,1
60,99,1
60,100,7
60,101,2
60,102,4
60,103,8
60,104,5
60,105,5
60,106,0
60,107,2
60,108,1
60,109,2
60,110,1
60,111,1
60,112,7
60,113,2
60,114,1
60,115,1
60,116,1
60,117,0
61,0,0
61,1,1
61,2,2
61,3,0
61,4,0
61,5,0
61,6,0
61,7,7
61,8,1
61,9,0
61,10,1
61,11,1
61,12,1
61,13,2
61,14,0
61,15,1
61,16,6
61,17,1
61,18,0
61,19,0
61,20,2
61,21,1
61,22,2
61,23,1
61,24,2
61,25,5
61,26,4
61,27,1
61,28,0
61,29,1
61,30,10
61,31,4
61,32,0
61,33,2
61,34,5
61,35,0
61,36,0
61,37,3
61,38,0
61,39,2
61,40,0
61,41,1
61,42,1
61,43,1
61,44,3
61,45,2
61,46,1
61,47,2
61,48,5
61,49,0
61,50,2
61,51,3
61,52,0
61,53,3
61,54,1
61,55,0
61,56,3
61,57,2
61,58,0
61,59,2
61,60,1
61,61,0
61,62,1
61,63,1
61,64,3
61,65,2
61,66,1
61,67,1
61,68,6
61,69,0
61,70,2
61,71,2
61,72,3
61,73,1
61,74,2
61,75,0
61,76,0
61,77,1
61,78,1
61,79,1
61,80,2
61,81,1
61,82,2
61,83,2
61,84,1
61,85,1
61,86,1
61,87,2
61,88,6
61,89,0
61,90,0
61,91,7
61,92,2
61,93,4
61,94,0
61,95,2
61,96,2
61,97,1
61,98,1
61,99,0
61,100,3
61,101,2
61,102,10
61,103,3
61,104,0
61,105,2
61,106,0
61,107,0
61,108,0
61,109,2
61,110,1
61,111,1
61,112,7
61,113,2
61,114,3
61,115,0
61,116,0
61,117,1
62,0,0
62,1,1
62,2,4
62,3,1
62,4,0
62,5,1
62,6,0
62,7,4
62,8,3
62,9,2
62,10,4
62,11,1
62,12,1
62,13,0
62,14,1
62,15,2
62,16,7
62,17,2
62,18,4
62,19,1
62,20,2
62,21,0
62,22,4
62,23,0
62,24,1
62,25,5
62,26,3
62,27,1
62,28,0
62,29,1
62,30,1
62,31,2
62,32,1
62,33,1
62,34,1
62,35,0
62,36,3
62,37,1
62,38,1
62,39,0
62,40,2
62,41,2
62,42,2
62,43,0
62,44,1
62,45,0
62,46,3
62,47,0
62,48,0
62,49,0
62,50,1
62,51,0
62,52,0
62,53,0
62,54,1
62,55,1
62,56,0
62,57,2
62,58,1
62,59,1
62,60,1
62,61,3
62,62,2
62,63,1
62,64,3
62,65,1
62,66,1
62,67,3
62,68,5
62,69,4
62,70,3
62,71,1
62,72,0
62,73,1
62,74,2
62,75,2
62,76,3
62,77,0
62,78,1
62,79,3
62,80,0
62,81,0
62,82,3
62,83,0
62,84,1
62,85,5
62,86,1
62,87,3
62,88,2
62,89,1
62,90,0
62,91,0
62,92,8
62,93,0
62,94,0
62,95,3
62,96,0
62,97,0
62,98,4
62,99,0
62,100,7
62,101,4
62,102,1
62,103,9
62,104,0
62,105,2
62,106,0
62,107,2
62,108,2
62,109,0
62,110,0
62,111,1
62,112,11
62,113,2
62,114,4
62,115,0
62,116,0
62,117,1
63,0,1
63,1,3
63,2,2
63,3,1
63,4,5
63,5,0
63,6,1
63,7,7
63,8,0
63,9,0
63,10,1
63,11,1
63,12,2
63,13,2
63,14,1
63,15,0
63,16,6
63,17,2
63,18,2
63,19,0
63,20,2
63,21,1
63,22,1
63,23,3
63,24,1
63,25,8
63,26,6
63,27,1
63,28,3
63,29,0
63,30,3
63,31,0
63,32,4
63,33,9
63,34,3
63,35,1
63,36,0
63,37,2
63,38,2
63,39,2
63,40,1
63,41,0
63,42,2
63,43,3
63,44,1
63,45,0
63,46,2
63,47,3
63,48,2
63,49,0
63,50,2
63,51,4
63,52,2
63,53,0
63,54,1
63,55,2
63,56,3
63,57,0
63,58,3
63,59,0
63,60,1
63,61,3
63,62,0
63,63,0
63,64,0
63,65,0
63,66,3
63,67,0
63,68,8
63,69,1
63,70,1
63,71,1
63,72,0
63,73,1
63,74,0
63,75,1
63,76,0
63,77,2
63,78,0
63,79,2
63,80,0
63,81,2
63,82,0
63,83,1
63,84,1
63,85,2
63,86,0
63,87,5
63,88,4
63,89,1
63,90,1
63,91,7
63,92,8
63,93,2
63,94,1
63,95,0
63,96,2
63,97,1
63,98,2
63,99,0
63,100,0
63,101,1
63,102,6
63,103,2
63,104,1
63,105,9
63,106,2
63,107,1
63,108,1
63,109,1
63,110,2
63,111,0
63,112,2
63,113,5
63,114,0
63,115,4
63,116,3
63,117,0
64,0,0
64,1,0
64,2,0
64,3,0
64,4,1
64,5,1
64,6,0
64,7,1
64,8,0
64,9,2
64,10,0
64,11,1
64,12,3
64,13,0
64,14,0
64,15,2
64,16,3
64,17,2
64,18,3
64,19,0
64,20,1
64,21,0
64,22,2
64,23,3
64,24,0
64,25,4
64,26,4
64,27,1
64,28,1
64,29,0
64,30,2
64,31,1
64,32,6
64,33,0
64,34,8
64,35,0
64,36,3
64,37,0
64,38,0
64,39,1
64,40,2
64,41,0
64,42,0
64,43,2
64,44,0
64,45,0
64,46,1
64,47,0
64,48,2
64,49,0
64,50,1
64,51,5
64,52,1
64,53,2
64,54,0
64,55,6
64,56,0
64,57,2
64,58,4
64,59,1
64,60,0
64,61,3
64,62,1
64,63,2
64,64,1
64,65,0
64,66,0
64,67,0
64,68,4
64,69,1
64,70,1
64,71,3
64,72,5
64,73,3
64,74,2
64,75,2
64,76,0
64,77,1
64,78,1
64,79,2
64,80,0
64,81,1
64,82,0
64,83,0
64,84,0
64,85,11
64,86,0
64,87,4
64,88,4
64,89,0
64,90,2
64,91,5
64,92,2
64,93,0
64,94,0
64,95,2
64,96,3
64,97,1
64,98,3
64,99,0
64,100,3
64,101,3
64,102,1
64,103,3
64,104,0
64,105,2
64,106,1
64,107,0
64,108,3
64,109,1
64,110,3
64,111,1
64,112,5
64,113,6
64,114,4
64,115,2
64,116,0
64,117,0
65,0,0
65,1,1
65,2,3
65,3,1
65,4,1
65,5,0
65,6,1
65,7,7
65,8,0
65,9,1
65,10,0
65,11,1
65,12,0
65,13,1
65,14,1
65,15,1
65,16,6
65,17,0
65,18,0
65,19,3
65,20,5
65,21,0
65,22,3
65,23,2
65,24,1
65,25,12
65,26,9
65,27,2
65,28,1
65,29,1
65,30,4
65,31,1
65,32,4
65,33,7
65,34,6
65,35,1
65,36,0
65,37,2
65,38,0
65,39,3
65,40,3
65,41,2
65,42,0
65,43,0
65,44,1
65,45,0
65,46,0
65,47,0
65,48,0
65,49,0
65,50,0
65,51,0
65,52,0
65,53,1
65,54,0
65,55,2
65,56,1
65,57,0
65,58,2
65,59,0
65,60,1
65,61,1
65,62,0
65,63,2
65,64,1
65,65,1
65,66,0
65,67,0
65,68,1
65,69,0
65,70,2
65,71,0
65,72,2
65,73,1
65,74,1
65,75,2
65,76,0
65,77,0
65,78,1
65,79,0
65,80,1
65,81,1
65,82,1
65,83,2
65,84,1
65,85,4
65,86,1
65,87,5
65,88,9
65,89,5
65,90,1
65,91,7
65,92,12
65,93,1
65,94,0
65,95,1
65,96,3
65,97,3
65,98,1
65,99,0
65,100,2
65,101,0
65,102,4
65,103,5
65,104,3
65,105,4
65,106,0
65,107,1
65,108,0
65,109,0
65,110,1
65,111,1
65,112,7
65,113,6
65,114,3
65,115,1
65,116,2
65,117,0
66,0,1
66,1,1
66,2,2
66,3,0
66,4,1
66,5,2
66,6,2
66,7,6
66,8,2
66,9,2
66,10,2
66,11,1
66,12,1
66,13,0
66,14,1
66,15,2
66,16,5
66,17,1
66,18,1
66,19,1
66,20,2
66,21,0
66,22,0
66,23,0
66,24,0
66,25,7
66,26,4
66,27,0
66,28,1
66,29,0
66,30,3
66,31,0
66,32,7
66,33,3
66,34,3
66,35,3
66,36,1
66,37,1
66,38,0
66,39,3
66,40,3
66,41,0
66,42,0
66,43,2
66,44,1
66,45,2
66,46,0
66,47,1
66,48,2
66,49,2
66,50,1
66,51,2
66,52,2
66,53,1
66,54,2
66,55,0
66,56,0
66,57,0
66,58,1
66,59,0
66,60,0
66,61,2
66,62,1
66,63,1
66,64,0
66,65,3
66,66,2
66,67,1
66,68,6
66,69,1
66,70,2
66,71,0
66,72,0
66,73,2
66,74,0
66,75,0
66,76,0
66,77,4
66,78,1
66,79,3
66,80,0
66,81,0
66,82,1
66,83,0
66,84,1
66,85,4
66,86,1
66,87,15
66,88,9
66,89,0
66,90,3
66,91,2
66,92,5
66,93,0
66,94,0
66,95,1
66,96,2
66,97,2
66,98,3
66,99,0
66,100,0
66,101,2
66,102,3
66,103,1
66,104,1
66,105,6
66,106,1
66,107,1
66,108,2
66,109,1
66,110,1
66,111,0
66,112,1
66,113,10
66,114,1
66,115,0
66,116,2
66,117,1
67,0,0
67,1,1
67,2,1
67,3,2
67,4,2
67,5,2
67,6,0
67,7,1
67,8,0
67,9,0
67,10,3
67,11,0
67,12,1
67,13,1
67,14,1
67,15,0
67,16,2
67,17,0
67,18,2
67,19,1
67,20,10
67,21,0
67,22,1
67,23,0
67,24,1
67,25,4
67,26,3
67,27,2
67,28,1
67,29,1
67,30,6
67,31,1
67,32,6
67,33,4
67,34,5
67,35,0
67,36,2
67,37,0
67,38,0
67,39,0
67,40,0
67,41,0
67,42,1
67,43,0
67,44,0
67,45,1
67,46,1
67,47,0
67,48,0
67,49,0
67,50,1
67,51,0
67,52,0
67,53,1
67,54,0
67,55,0
67,56,2
67,57,1
67,58,2
67,59,1
67,60,1
67,61,1
67,62,0
67,63,1
67,64,2
67,65,1
67,66,1
67,67,0
67,68,5
67,69,1
67,70,0
67,71,1
67,72,0
67,73,2
67,74,4
67,75,2
67,76,3
67,77,2
67,78,1
67,79,1
67,80,3
67,81,1
67,82,4
67,83,0
67,84,1
67,85,6
67,86,1
67,87,4
67,88,6
67,89,0
67,90,0
67,91,2
67,92,2
67,93,0
67,94,0
67,95,3
67,96,1
67,97,0
67,98,1
67,99,1
67,100,6
67,101,0
67,102,6
67,103,2
67,104,1
67,105,1
67,106,1
67,107,2
67,108,0
67,109,4
67,110,2
67,111,0
67,112,1
67,113,1
67,114,0
67,115,0
67,116,0
67,117,0
68,0,2
68,1,4
68,2,1
68,3,1
68,4,1
68,5,0
68,6,3
68,7,1
68,8,3
68,9,2
68,10,0
68,11,1
68,12,0
68,13,0
68,14,0
68,15,2
68,16,6
68,17,2
68,18,0
68,19,2
68,20,3
68,21,1
68,22,1
68,23,0
68,24,1
68,25,2
68,26,3
68,27,0
68,28,4
68,29,3
68,30,11
68,31,1
68,32,5
68,33,2
68,34,0
68,35,0
68,36,0
68,37,2
68,38,1
68,39,3
68,40,1
68,41,1
68,42,0
68,43,2
68,44,1
68,45,2
68,46,1
68,47,0
68,48,3
68,49,1
68,50,0
68,51,2
68,52,1
68,53,1
68,54,0
68,55,0
68,56,1
68,57,1
68,58,1
68,59,2
68,60,1
68,61,0
68,62,2
68,63,1
68,64,0
68,65,0
68,66,2
68,67,1
68,68,8
68,69,3
68,70,4
68,71,2
68,72,0
68,73,1
68,74,1
68,75,3
68,76,0
68,77,1
68,78,2
68,79,0
68,80,1
68,81,1
68,82,3
68,83,0
68,84,1
68,85,0
68,86,1
68,87,3
68,88,9
68,89,0
68,90,1
68,91,5
68,92,1
68,93,0
68,94,1
68,95,0
68,96,3
68,97,2
68,98,1
68,99,0
68,100,8
68,101,0
68,102,5
68,103,0
68,104,1
68,105,6
68,106,5
68,107,4
68,108,2
68,109,1
68,110,0
68,111,0
68,112,5
68,113,2
68,114,4
68,115,1
68,116,0
68,117,0
69,0,3
69,1,2
69,2,0
69,3,0
69,4,1
69,5,1
69,6,0
69,7,3
69,8,0
69,9,3
69,10,1
69,11,0
69,12,1
69,13,0
69,14,3
69,15,2
69,16,2
69,17,1
69,18,0
69,19,4
69,20,3
69,21,1
69,22,1
69,23,0
69,24,0
69,25,4
69,26,4
69,27,3
69,28,2
69,29,0
69,30,5
69,31,1
69,32,3
69,33,4
69,34,4
69,35,0
69,36,0
69,37,1
69,38,0
69,39,2
69,40,1
69,41,0
69,42,1
69,43,1
69,44,1
69,45,0
69,46,3
69,47,2
69,48,0
69,49,0
69,50,0
69,51,1
69,52,0
69,53,0
69,54,1
69,55,0
69,56,1
69,57,1
69,58,4
69,59,0
69,60,1
69,61,1
69,62,0
69,63,1
69,64,2
69,65,0
69,66,0
69,67,0
69,68,2
69,69,1
69,70,0
69,71,3
69,72,0
69,73,0
69,74,0
69,75,0
69,76,1
69,77,0
69,78,1
69,79,1
69,80,1
69,81,0
69,82,2
69,83,2
69,84,0
69,85,6
69,86,2
69,87,2
69,88,2
69,89,1
69,90,0
69,91,1
69,92,2
69,93,0
69,94,0
69,95,1
69,96,1
69,97,3
69,98,0
69,99,0
69,100,8
69,101,5
69,102,6
69,103,2
69,104,1
69,105,6
69,106,2
69,107,1
69,108,3
69,109,0
69,110,0
69,111,1
69,112,3
69,113,3
69,114,1
69,115,1
69,116,0
69,117,3
70,0,1
70,1,1
70,2,0
70,3,0
70,4,1
70,5,2
70,6,0
70,7,6
70,8,1
70,9,3
70,10,2
70,11,3
70,12,0
70,13,1
70,14,1
70,15,0
70,16,1
70,17,0
70,18,3
70,19,0
70,20,6
70,21,1
70,22,1
70,23,1
70,24,0
70,25,5
70,26,4
70,27,0
70,28,1
70,29,2
70,30,7
70,31,1
70,32,3
70,33,6
70,34,5
70,35,0
70,36,0
70,37,0
70,38,0
70,39,1
70,40,1
70,41,0
70,42,0
70,43,0
70,44,0
70,45,0
70,46,1
70,47,2
70,48,1
70,49,1
70,50,0
70,51,1
70,52,1
70,53,0
70,54,3
70,55,0
70,56,2
70,57,1
70,58,4
70,59,2
70,60,1
70,61,0
70,62,2
70,63,2
70,64,0
70,65,0
70,66,2
70,67,2
70,68,0
70,69,0
70,70,0
70,71,1
70,72,1
70,73,0
70,74,1
70,75,1
70,76,0
70,77,2
70,78,3
70,79,1
70,80,0
70,81,1
70,82,0
70,83,2
70,84,0
70,85,4
70,86,3
70,87,4
70,88,3
70,89,1
70,90,1
70,91,4
70,92,5
70,93,3
70,94,0
70,95,1
70,96,1
70,97,3
70,98,0
70,99,0
70,100,3
70,101,4
70,102,2
70,103,4
70,104,0
70,105,1
70,106,1
70,107,2
70,108,2
70,109,2
70,110,1
70,111,1
70,112,6
70,113,2
70,114,0
70,115,2
70,116,0
70,117,3
71,0,0
71,1,1
71,2,0
71,3,3
71,4,3
71,5,0
71,6,1
71,7,5
71,8,3
71,9,1
71,10,1
71,11,4
71,12,1
71,13,2
71,14,0
71,15,0
71,16,5
71,17,1
71,18,2
71,19,2
71,20,2
71,21,0
71,22,0
71,23,1
71,24,2
71,25,3
71,26,3
71,27,0
71,28,2
71,29,0
71,30,3
71,31,1
71,32,3
71,33,1
71,34,4
71,35,2
71,36,2
71,37,4
71,38,0
71,39,2
71,40,1
71,41,1
71,42,0
71,43,0
71,44,2
71,45,0
71,46,1
71,47,0
71,48,0
71,49,0
71,50,2
71,51,3
71,52,5
71,53,1
71,54,0
71,55,2
71,56,1
71,57,3
71,58,0
71,59,1
71,60,0
71,61,1
71,62,0
71,63,0
71,64,2
71,65,0
71,66,0
71,67,1
71,68,3
71,69,0
71,70,3
71,71,3
71,72,1
71,73,1
71,74,2
71,75,0
71,76,2
71,77,0
71,78,0
71,79,3
71,80,0
71,81,2
71,82,1
71,83,1
71,84,0
71,85,4
71,86,1
71,87,6
71,88,6
71,89,1
71,90,1
71,91,1
71,92,3
71,93,1
71,94,2
71,95,0
71,96,0
71,97,1
71,98,3
71,99,0
71,100,4
71,101,2
71,102,0
71,103,3
71,104,1
71,105,1
71,106,0
71,107,1
71,108,2
71,109,3
71,110,3
71,111,5
71,112,4
71,113,3
71,114,2
71,115,2
71,116,1
71,117,1
72,0,1
72,1,1
72,2,0
72,3,2
72,4,3
72,5,0
72,6,0
72,7,7
72,8,1
72,9,0
72,10,0
72,11,2
72,12,0
72,13,0
72,14,0
72,15,3
72,16,4
72,17,0
72,18,0
72,19,3
72,20,3
72,21,1
72,22,0
72,23,1
72,24,0
72,25,3
72,26,6
72,27,1
72,28,2
72,29,1
72,30,8
72,31,1
72,32,5
72,33,4
72,34,4
72,35,3
72,36,1
72,37,1
72,38,1
72,39,0
72,40,1
72,41,2
72,42,1
72,43,3
72,44,0
72,45,0
72,46,1
72,47,1
72,48,1
72,49,0
72,50,0
72,51,3
72,52,0
72,53,0
72,54,1
72,55,0
72,56,0
72,57,0
72,58,1
72,59,1
72,60,1
72,61,1
72,62,1
72,63,0
72,64,0
72,65,2
72,66,1
72,67,0
72,68,2
72,69,3
72,70,0
72,71,0
72,72,2
72,73,2
72,74,1
72,75,1
72,76,1
72,77,1
72,78,3
72,79,0
72,80,2
72,81,1
72,82,0
72,83,1
72,84,1
72,85,3
72,86,1
72,87,4
72,88,7
72,89,1
72,90,1
72,91,6
72,92,7
72,93,2
72,94,2
72,95,0
72,96,1
72,97,0
72,98,1
72,99,0
72,100,1
72,101,1
72,102,5
72,103,4
72,104,3
72,105,3
72,106,3
72,107,2
72,108,2
72,109,4
72,110,0
72,111,0
72,112,1
72,113,5
72,114,2
72,115,2
72,116,2
72,117,3
73,0,1
73,1,0
73,2,1
73,3,0
73,4,1
73,5,2
73,6,0
73,7,6
73,8,1
73,9,2
73,10,0
73,11,0
73,12,4
73,13,2
73,14,0
73,15,1
73,16,3
73,17,0
73,18,2
73,19,5
73,20,2
73,21,0
73,22,2
73,23,0
73,24,1
73,25,7
73,26,5
73,27,0
73,28,1
73,29,0
73,30,4
73,31,1
73,32,3
73,33,5
73,34,4
73,35,0
73,36,0
73,37,0
73,38,1
73,39,2
73,40,1
73,41,0
73,42,1
73,43,0
73,44,0
73,45,2
73,46,3
73,47,1
73,48,0
73,49,3
73,50,0
73,51,1
73,52,1
73,53,0
73,54,1
73,55,1
73,56,0
73,57,2
73,58,3
73,59,4
73,60,0
73,61,2
73,62,1
73,63,1
73,64,0
73,65,0
73,66,2
73,67,1
73,68,10
73,69,1
73,70,1
73,71,1
73,72,1
73,73,0
73,74,1
73,75,1
73,76,2
73,77,1
73,78,0
73,79,1
73,80,0
73,81,0
73,82,0
73,83,0
73,84,1
73,85,2
73,86,1
73,87,5
73,88,1
73,89,2
73,90,1
73,91,7
73,92,2
73,93,1
73,94,1
73,95,2
73,96,0
73,97,4
73,98,0
73,99,0
73,100,4
73,101,1
73,102,5
73,103,8
73,104,0
73,105,5
73,106,1
73,107,0
73,108,0
73,109,2
73,110,0
73,111,2
73,112,9
73,113,4
73,114,0
73,115,0
73,116,1
73,117,0
74,0,0
74,1,1
74,2,0
74,3,1
74,4,1
74,5,1
74,6,2
74,7,2
74,8,0
74,9,5
74,10,0
74,11,2
74,12,0
74,13,3
74,14,1
74,15,0
74,16,0
74,17,1
74,18,0
74,19,0
74,20,3
74,21,1
74,22,1
74,23,1
74,24,4
74,25,7
74,26,5
74,27,0
74,28,2
74,29,0
74,30,4
74,31,2
74,32,3
74,33,3
74,34,1
74,35,2
74,36,1
74,37,3
74,38,0
74,39,1
74,40,0
74,41,2
74,42,0
74,43,2
74,44,1
74,45,2
74,46,0
74,47,3
74,48,1
74,49,3
74,50,1
74,51,3
74,52,0
74,53,1
74,54,2
74,55,1
74,56,4
74,57,3
74,58,2
74,59,4
74,60,1
74,61,1
74,62,0
74,63,1
74,64,3
74,65,0
74,66,0
74,67,1
74,68,1
74,69,5
74,70,1
74,71,2
74,72,2
74,73,0
74,74,5
74,75,1
74,76,4
74,77,3
74,78,1
74,79,1
74,80,0
74,81,2
74,82,0
74,83,4
74,84,1
74,85,8
74,86,5
74,87,8
74,88,6
74,89,2
74,90,1
74,91,4
74,92,7
74,93,1
74,94,3
74,95,2
74,96,3
74,97,1
74,98,0
74,99,0
74,100,2
74,101,1
74,102,5
74,103,1
74,104,1
74,105,3
74,106,2
74,107,0
74,108,3
74,109,0
74,110,4
74,111,0
74,112,2
74,113,0
74,114,1
74,115,0
74,116,1
74,117,3
75,0,0
75,1,0
75,2,0
75,3,1
75,4,1
75,5,1
75,6,0
75,7,2
75,8,2
75,9,0
75,10,2
75,11,0
75,12,2
75,13,0
75,14,0
75,15,1
75,16,4
75,17,0
75,18,0
75,19,0
75,20,7
75,21,0
75,22,5
75,23,2
75,24,1
75,25,5
75,26,4
75,27,1
75,28,0
75,29,0
75,30,12
75,31,2
75,32,2
75,33,1
75,34,9
75,35,1
75,36,0
75,37,0
75,38,0
75,39,3
75,40,1
75,41,0
75,42,0
75,43,1
75,44,2
75,45,0
75,46,2
75,47,1
75,48,0
75,49,1
75,50,0
75,51,3
75,52,0
75,53,0
75,54,0
75,55,2
75,56,2
75,57,0
75,58,1
75,59,1
75,60,0
75,61,1
75,62,0
75,63,1
75,64,1
75,65,2
75,66,1
75,67,0
75,68,4
75,69,2
75,70,1
75,71,0
75,72,1
75,73,0
75,74,2
75,75,0
75,76,3
75,77,0
75,78,3
75,79,0
75,80,0
75,81,0
75,82,0
75,83,0
75,84,1
75,85,3
75,86,0
75,87,7
75,88,1
75,89,0
75,90,2
75,91,3
75,92,3
75,93,0
75,94,0
75,95,2
75,96,1
75,97,1
75,98,2
75,99,0
75,100,5
75,101,1
75,102,3
75,103,7
75,104,0
75,105,9
75,106,0
75,107,1
75,108,5
75,109,0
75,110,1
75,111,0
75,112,1
75,113,5
75,114,1
75,115,0
75,116,0
75,117,0
76,0,1
76,1,0
76,2,1
76,3,1
76,4,1
76,5,2
76,6,2
76,7,7
76,8,1
76,9,0
76,10,1
76,11,0
76,12,2
76,13,0
76,14,1
76,15,2
76,16,6
76,17,1
76,18,1
76,19,1
76,20,5
76,21,2
76,22,2
76,23,1
76,24,3
76,25,3
76,26,3
76,27,0
76,28,1
76,29,1
76,30,9
76,31,0
76,32,6
76,33,3
76,34,4
76,35,1
76,36,1
76,37,1
76,38,2
76,39,0
76,40,2
76,41,0
76,42,0
76,43,1
76,44,0
76,45,1
76,46,1
76,47,2
76,48,0
76,49,0
76,50,2
76,51,0
76,52,0
76,53,2
76,54,4
76,55,1
76,56,2
76,57,2
76,58,3
76,59,2
76,60,2
76,61,2
76,62,2
76,63,2
76,64,1
76,65,0
76,66,2
76,67,0
76,68,6
76,69,0
76,70,1
76,71,1
76,72,2
76,73,0
76,74,1
76,75,0
76,76,0
76,77,0
76,78,2
76,79,4
76,80,1
76,81,0
76,82,1
76,83,0
76,84,0
76,85,2
76,86,1
76,87,10
76,88,6
76,89,5
76,90,1
76,91,3
76,92,3
76,93,1
76,94,2
76,95,0
76,96,2
76,97,0
76,98,0
76,99,1
76,100,5
76,101,0
76,102,5
76,103,1
76,104,1
76,105,4
76,106,1
76,107,0
76,108,3
76,109,2
76,110,1
76,111,1
76,112,14
76,113,3
76,114,1
76,115,0
76,116,3
76,117,2
77,0,1
77,1,1
77,2,0
77,3,0
77,4,0
77,5,1
77,6,1
77,7,5
77,8,0
77,9,0
77,10,1
77,11,0
77,12,0
77,13,1
77,14,0
77,15,1
77,16,5
77,17,1
77,18,1
77,19,1
77,20,4
77,21,3
77,22,1
77,23,0
77,24,1
77,25,2
77,26,8
77,27,0
77,28,4
77,29,0
77,30,9
77,31,1
77,32,2
77,33,5
77,34,6
77,35,2
77,36,1
77,37,2
77,38,0
77,39,0
77,40,5
77,41,2
77,42,1
77,43,1
77,44,0
77,45,0
77,46,2
77,47,0
77,48,3
77,49,2
77,50,0
77,51,1
77,52,0
77,53,1
77,54,1
77,55,0
77,56,1
77,57,0
77,58,3
77,59,3
77,60,2
77,61,2
77,62,0
77,63,1
77,64,1
77,65,1
77,66,1
77,67,0
77,68,7
77,69,1
77,70,1
77,71,1
77,72,1
77,73,4
77,74,2
77,75,1
77,76,1
77,77,2
77,78,0
77,79,2
77,80,1
77,81,2
77,82,0
77,83,0
77,84,0
77,85,5
77,86,1
77,87,4
77,88,2
77,89,2
77,90,1
77,91,3
77,92,10
77,93,0
77,94,0
77,95,1
77,96,0
77,97,0
77,98,0
77,99,0
77,100,6
77,101,0
77,102,11
77,103,4
77,104,3
77,105,2
77,106,1
77,107,2
77,108,0
77,109,3
77,110,3
77,111,3
77,112,3
77,113,3
77,114,0
77,115,1
77,116,0
77,117,1
78,0,1
78,1,2
78,2,3
78,3,4
78,4,0
78,5,1
78,6,2
78,7,5
78,8,0
78,9,3
78,10,0
78,11,2
78,12,0
78,13,4
78,14,2
78,15,0
78,16,2
78,17,1
78,18,1
78,19,1
78,20,1
78,21,0
78,22,1
78,23,1
78,24,0
78,25,7
78,26,6
78,27,5
78,28,1
78,29,1
78,30,1
78,31,1
78,32,2
78,33,3
78,34,7
78,35,1
78,36,0
78,37,1
78,38,0
78,39,1
78,40,1
78,41,1
78,42,0
78,43,1
78,44,0
78,45,1
78,46,0
78,47,0
78,48,1
78,49,2
78,50,1
78,51,0
78,52,2
78,53,0
78,54,3
78,55,3
78,56,0
78,57,1
78,58,4
78,59,0
78,60,1
78,61,0
78,62,0
78,63,2
78,64,0
78,65,0
78,66,0
78,67,0
78,68,4
78,69,1
78,70,0
78,71,0
78,72,2
78,73,1
78,74,2
78,75,1
78,76,1
78,77,2
78,78,1
78,79,1
78,80,0
78,81,0
78,82,1
78,83,1
78,84,2
78,85,4
78,86,1
78,87,4
78,88,7
78,89,0
78,90,0
78,91,7
78,92,2
78,93,0
78,94,1
78,95,1
78,96,2
78,97,3
78,98,0
78,99,0
78,100,3
78,101,1
78,102,6
78,103,4
78,104,0
78,105,3
78,106,0
78,107,3
78,108,1
78,109,1
78,110,0
78,111,1
78,112,1
78,113,5
78,114,2
78,115,0
78,116,6
78,117,1
79,0,0
79,1,1
79,2,3
79,3,3
79,4,3
79,5,0
79,6,0
79,7,5
79,8,2
79,9,1
79,10,2
79,11,2
79,12,0
79,13,0
79,14,0
79,15,2
79,16,5
79,17,2
79,18,0
79,19,1
79,20,1
79,21,0
79,22,1
79,23,0
79,24,1
79,25,6
79,26,9
79,27,1
79,28,1
79,29,0
79,30,1
79,31,1
79,32,4
79,33,6
79,34,8
79,35,2
79,36,2
79,37,1
79,38,1
79,39,1
79,40,0
79,41,0
79,42,1
79,43,0
79,44,0
79,45,0
79,46,1
79,47,0
79,48,0
79,49,4
79,50,0
79,51,4
79,52,0
79,53,4
79,54,2
79,55,3
79,56,1
79,57,3
79,58,0
79,59,1
79,60,0
79,61,2
79,62,0
79,63,1
79,64,0
79,65,1
79,66,3
79,67,3
79,68,2
79,69,0
79,70,0
79,71,0
79,72,0
79,73,3
79,74,3
79,75,1
79,76,0
79,77,1
79,78,0
79,79,1
79,80,0
79,81,2
79,82,0
79,83,0
79,84,0
79,85,3
79,86,0
79,87,2
79,88,4
79,89,2
79,90,0
79,91,2
79,92,3
79,93,2
79,94,2
79,95,1
79,96,0
79,97,2
79,98,0
79,99,1
79,100,4
79,101,0
79,102,7
79,103,8
79,104,0
79,105,2
79,106,3
79,107,0
79,108,0
79,109,1
79,110,1
79,111,0
79,112,4
79,113,3
79,114,1
79,115,2
79,116,0
79,117,1
80,0,3
80,1,0
80,2,2
80,3,4
80,4,2
80,5,2
80,6,4
80,7,0
80,8,2
80,9,5
80,10,1
80,11,0
80,12,2
80,13,0
80,14,1
80,15,1
80,16,4
80,17,0
80,18,0
80,19,2
80,20,6
80,21,0
80,22,4
80,23,0
80,24,0
80,25,2
80,26,4
80,27,2
80,28,3
80,29,1
80,30,5
80,31,2
80,32,0
80,33,5
80,34,1
80,35,2
80,36,1
80,37,1
80,38,2
80,39,0
80,40,4
80,41,1
80,42,0
80,43,1
80,44,1
80,45,3
80,46,2
80,47,0
80,48,1
80,49,2
80,50,1
80,51,0
80,52,0
80,53,3
80,54,0
80,55,3
80,56,0
80,57,0
80,58,2
80,59,0
80,60,2
80,61,0
80,62,3
80,63,1
80,64,0
80,65,4
80,66,1
80,67,3
80,68,10
80,69,2
80,70,1
80,71,3
80,72,3
80,73,0
80,74,0
80,75,1
80,76,1
80,77,1
80,78,0
80,79,1
80,80,1
80,81,1
80,82,2
80,83,0
80,84,1
80,85,1
80,86,3
80,87,5
80,88,2
80,89,0
80,90,0
80,91,4
80,92,1
80,93,1
80,94,1
80,95,1
80,96,1
80,97,0
80,98,1
80,99,0
80,100,3
80,101,0
80,102,5
80,103,8
80,104,0
80,105,2
80,106,1
80,107,1
80,108,0
80,109,1
80,110,1
80,111,1
80,112,5
80,113,4
80,114,2
80,115,0
80,116,1
80,117,0
81,0,0
81,1,2
81,2,1
81,3,1
81,4,1
81,5,0
81,6,2
81,7,6
81,8,0
81,9,1
81,10,0
81,11,2
81,12,0
81,13,2
81,14,2
81,15,2
81,16,5
81,17,0
81,18,1
81,19,1
81,20,2
81,21,0
81,22,2
81,23,4
81,24,1
81,25,8
81,26,1
81,27,0
81,28,2
81,29,1
81,30,2
81,31,0
81,32,4
81,33,5
81,34,2
81,35,3
81,36,1
81,37,3
81,38,0
81,39,1
81,40,1
81,41,0
81,42,1
81,43,1
81,44,1
81,45,3
81,46,2
81,47,0
81,48,2
81,49,1
81,50,3
81,51,2
81,52,1
81,53,2
81,54,1
81,55,0
81,56,0
81,57,2
81,58,2
81,59,2
81,60,2
81,61,3
81,62,1
81,63,2
81,64,1
81,65,2
81,66,0
81,67,1
81,68,7
81,69,3
81,70,0
81,71,2
81,72,2
81,73,1
81,74,3
81,75,4
81,76,0
81,77,2
81,78,0
81,79,1
81,80,0
81,81,1
81,82,2
81,83,2
81,84,0
81,85,2
81,86,2
81,87,3
81,88,6
81,89,2
81,90,2
81,91,1
81,92,3
81,93,1
81,94,0
81,95,4
81,96,3
81,97,2
81,98,3
81,99,1
81,100,6
81,101,0
81,102,3
81,103,3
81,104,0
81,105,3
81,106,1
81,107,1
81,108,1
81,109,0
81,110,0
81,111,1
81,112,4
81,113,3
81,114,3
81,115,0
81,116,1
81,117,0
82,0,4
82,1,2
82,2,1
82,3,1
82,4,1
82,5,1
82,6,1
82,7,5
82,8,5
82,9,3
82,10,1
82,11,0
82,12,3
82,13,3
82,14,0
82,15,2
82,16,5
82,17,3
82,18,0
82,19,1
82,20,4
82,21,1
82,22,0
82,23,0
82,24,1
82,25,4
82,26,3
82,27,1
82,28,0
82,29,0
82,30,4
82,31,1
82,32,0
82,33,3
82,34,4
82,35,2
82,36,1
82,37,0
82,38,1
82,39,2
82,40,0
82,41,2
82,42,0
82,43,4
82,44,1
82,45,2
82,46,4
82,47,3
82,48,2
82,49,1
82,50,3
82,51,2
82,52,1
82,53,2
82,54,0
82,55,3
82,56,1
82,57,0
82,58,0
82,59,0
82,60,0
82,61,2
82,62,0
82,63,3
82,64,2
82,65,0
82,66,2
82,67,3
82,68,5
82,69,0
82,70,0
82,71,1
82,72,1
82,73,5
82,74,0
82,75,1
82,76,0
82,77,2
82,78,0
82,79,1
82,80,0
82,81,2
82,82,3
82,83,0
82,84,0
82,85,3
82,86,0
82,87,5
82,88,3
82,89,1
82,90,3
82,91,3
82,92,4
82,93,0
82,94,1
82,95,1
82,96,4
82,97,3
82,98,0
82,99,1
82,100,5
82,101,1
82,102,7
82,103,4
82,104,0
82,105,1
82,106,2
82,107,2
82,108,0
82,109,2
82,110,1
82,111,2
82,112,9
82,113,5
82,114,2
82,115,1
82,116,1
82,117,1
83,0,1
83,1,3
83,2,0
83,3,1
83,4,2
83,5,0
83,6,1
83,7,3
83,8,3
83,9,2
83,10,1
83,11,1
83,12,1
83,13,1
83,14,1
83,15,1
83,16,2
83,17,1
83,18,3
83,19,0
83,20,6
83,21,2
83,22,0
83,23,0
83,24,1
83,25,5
83,26,3
83,27,1
83,28,0
83,29,0
83,30,2
83,31,3
83,32,1
83,33,4
83,34,3
83,35,2
83,36,1
83,37,1
83,38,2
83,39,0
83,40,2
83,41,1
83,42,0
83,43,0
83,44,2
83,45,0
83,46,1
83,47,0
83,48,0
83,49,0
83,50,0
83,51,1
83,52,1
83,53,2
83,54,1
83,55,2
83,56,0
83,57,0
83,58,1
83,59,0
83,60,0
83,61,4
83,62,1
83,63,0
83,64,0
83,65,4
83,66,0
83,67,1
83,68,15
83,69,0
83,70,1
83,71,2
83,72,2
83,73,0
83,74,1
83,75,2
83,76,0
83,77,0
83,78,1
83,79,0
83,80,0
83,81,0
83,82,1
83,83,0
83,84,0
83,85,3
83,86,1
83,87,3
83,88,8
83,89,0
83,90,2
83,91,1
83,92,4
83,93,0
83,94,2
83,95,1
83,96,3
83,97,2
83,98,1
83,99,1
83,100,8
83,101,1
83,102,1
83,103,2
83,104,0
83,105,4
83,106,1
83,107,1
83,108,1
83,109,1
83,110,1
83,111,2
83,112,3
83,113,3
83,114,0
83,115,2
83,116,0
83,117,0
84,0,1
84,1,5
84,2,1
84,3,3
84,4,0
84,5,2
84,6,1
84,7,2
84,8,2
84,9,6
84,10,3
84,11,3
84,12,0
84,13,0
84,14,0
84,15,4
84,16,2
84,17,1
84,18,0
84,19,0
84,20,3
84,21,1
84,22,1
84,23,0
84,24,1
84,25,1
84,26,6
84,27,1
84,28,3
84,29,1
84,30,5
84,31,0
84,32,5
84,33,4
84,34,2
84,35,2
84,36,0
84,37,2
84,38,1
84,39,0
84,40,0
84,41,0
84,42,0
84,43,3
84,44,0
84,45,0
84,46,1
84,47,1
84,48,1
84,49,1
84,50,3
84,51,3
84,52,1
84,53,5
84,54,0
84,55,1
84,56,1
84,57,0
84,58,0
84,59,3
84,60,0
84,61,1
84,62,3
84,63,2
84,64,0
84,65,1
84,66,3
84,67,0
84,68,6
84,69,0
84,70,1
84,71,0
84,72,1
84,73,1
84,74,0
84,75,1
84,76,1
84,77,0
84,78,3
84,79,0
84,80,0
84,81,1
84,82,0
84,83,1
84,84,1
84,85,2
84,86,2
84,87,1
84,88,2
84,89,1
84,90,1
84,91,3
84,92,1
84,93,1
84,94,0
84,95,3
84,96,3
84,97,2
84,98,2
84,99,2
84,100,2
84,101,1
84,102,3
84,103,5
84,104,3
84,105,5
84,106,0
84,107,2
84,108,4
84,109,1
84,110,1
84,111,1
84,112,6
84,113,5
84,114,1
84,115,1
84,116,2
84,117,0
85,0,0
85,1,1
85,2,2
85,3,2
85,4,1
85,5,1
85,6,5
85,7,10
85,8,0
85,9,1
85,10,3
85,11,0
85,12,0
85,13,1
85,14,2
85,15,1
85,16,4
85,17,3
85,18,3
85,19,0
85,20,3
85,21,0
85,22,1
85,23,2
85,24,0
85,25,3
85,26,4
85,27,0
85,28,0
85,29,0
85,30,4
85,31,0
85,32,3
85,33,3
85,34,8
85,35,3
85,36,1
85,37,2
85,38,2
85,39,0
85,40,0
85,41,3
85,42,2
85,43,1
85,44,0
85,45,0
85,46,3
85,47,0
85,48,1
85,49,2
85,50,3
85,51,1
85,52,1
85,53,1
85,54,1
85,55,2
85,56,0
85,57,2
85,58,0
85,59,0
85,60,0
85,61,1
85,62,2
85,63,0
85,64,0
85,65,0
85,66,1
85,67,3
85,68,3
85,69,1
85,70,0
85,71,2
85,72,3
85,73,0
85,74,2
85,75,1
85,76,0
85,77,1
85,78,0
85,79,3
85,80,0
85,81,0
85,82,1
85,83,1
85,84,1
85,85,5
85,86,0
85,87,6
85,88,4
85,89,2
85,90,2
85,91,4
85,92,10
85,93,1
85,94,1
85,95,0
85,96,2
85,97,1
85,98,1
85,99,0
85,100,3
85,101,2
85,102,4
85,103,4
85,104,3
85,105,5
85,106,0
85,107,3
85,108,2
85,109,0
85,110,2
85,111,0
85,112,0
85,113,2
85,114,0
85,115,2
85,116,0
85,117,0
86,0,2
86,1,3
86,2,1
86,3,1
86,4,0
86,5,1
86,6,1
86,7,4
86,8,0
86,9,0
86,10,1
86,11,1
86,12,1
86,13,1
86,14,0
86,15,0
86,16,1
86,17,2
86,18,0
86,19,2
86,20,1
86,21,0
86,22,0
86,23,1
86,24,0
86,25,3
86,26,3
86,27,2
86,28,1
86,29,1
86,30,2
86,31,0
86,32,3
86,33,5
86,34,2
86,35,3
86,36,2
86,37,1
86,38,1
86,39,1
86,40,2
86,41,0
86,42,0
86,43,0
86,44,3
86,45,3
86,46,0
86,47,0
86,48,0
86,49,0
86,50,1
86,51,1
86,52,2
86,53,0
86,54,0
86,55,2
86,56,1
86,57,1
86,58,2
86,59,1
86,60,0
86,61,1
86,62,2
86,63,1
86,64,0
86,65,1
86,66,1
86,67,5
86,68,8
86,69,2
86,70,1
86,71,1
86,72,4
86,73,1
86,74,3
86,75,0
86,76,4
86,77,1
86,78,1
86,79,1
86,80,2
86,81,1
86,82,5
86,83,0
86,84,1
86,85,0
86,86,0
86,87,2
86,88,3
86,89,1
86,90,1
86,91,0
86,92,4
86,93,1
86,94,0
86,95,0
86,96,0
86,97,0
86,98,3
86,99,1
86,100,4
86,101,2
86,102,2
86,103,4
86,104,4
86,105,7
86,106,1
86,107,0
86,108,3
86,109,2
86,110,2
86,111,2
86,112,3
86,113,4
86,114,0
86,115,1
86,116,1
86,117,0
87,0,0
87,1,3
87,2,0
87,3,2
87,4,2
87,5,0
87,6,0
87,7,4
87,8,3
87,9,0
87,10,0
87,11,1
87,12,3
87,13,0
87,14,0
87,15,0
87,16,3
87,17,1
87,18,0
87,19,1
87,20,3
87,21,0
87,22,2
87,23,1
87,24,0
87,25,7
87,26,1
87,27,0
87,28,0
87,29,1
87,30,4
87,31,0
87,32,7
87,33,5
87,34,3
87,35,0
87,36,0
87,37,1
87,38,0
87,39,2
87,40,0
87,41,0
87,42,3
87,43,3
87,44,1
87,45,0
87,46,0
87,47,4
87,48,1
87,49,1
87,50,0
87,51,0
87,52,2
87,53,0
87,54,2
87,55,0
87,56,6
87,57,2
87,58,4
87,59,0
87,60,1
87,61,0
87,62,2
87,63,1
87,64,0
87,65,0
87,66,1
87,67,0
87,68,5
87,69,2
87,70,2
87,71,2
87,72,1
87,73,2
87,74,3
87,75,0
87,76,1
87,77,0
87,78,1
87,79,0
87,80,2
87,81,0
87,82,1
87,83,0
87,84,1
87,85,0
87,86,2
87,87,4
87,88,4
87,89,2
87,90,0
87,91,14
87,92,6
87,93,0
87,94,2
87,95,1
87,96,2
87,97,0
87,98,2
87,99,0
87,100,3
87,101,2
87,102,5
87,103,3
87,104,0
87,105,2
87,106,0
87,107,1
87,108,1
87,109,0
87,110,0
87,111,2
87,112,4
87,113,3
87,114,0
87,115,1
87,116,2
87,117,0
88,0,2
88,1,1
88,2,2
88,3,0
88,4,2
88,5,0
88,6,0
88,7,10
88,8,2
88,9,0
88,10,1
88,11,0
88,12,5
88,13,1
88,14,1
88,15,2
88,16,3
88,17,4
88,18,3
88,19,1
88,20,8
88,21,0
88,22,5
88,23,0
88,24,1
88,25,4
88,26,1
88,27,0
88,28,1
88,29,0
88,30,5
88,31,0
88,32,2
88,33,5
88,34,2
88,35,0
88,36,2
88,37,2
88,38,0
88,39,1
88,40,1
88,41,0
88,42,2
88,43,1
88,44,0
88,45,0
88,46,1
88,47,0
88,48,1
88,49,0
88,50,0
88,51,0
88,52,3
88,53,0
88,54,3
88,55,0
88,56,0
88,57,2
88,58,1
88,59,3
88,60,0
88,61,3
88,62,0
88,63,1
88,64,0
88,65,2
88,66,0
88,67,0
88,68,5
88,69,0
88,70,0
88,71,1
88,72,0
88,73,0
88,74,1
88,75,1
88,76,0
88,77,0
88,78,0
88,79,1
88,80,1
88,81,0
88,82,0
88,83,0
88,84,2
88,85,4
88,86,4
88,87,5
88,88,2
88,89,3
88,90,0
88,91,3
88,92,8
88,93,1
88,94,1
88,95,2
88,96,2
88,97,5
88,98,2
88,99,0
88,100,5
88,101,1
88,102,3
88,103,1
88,104,3
88,105,4
88,106,0
88,107,1
88,108,1
88,109,5
88,110,0
88,111,3
88,112,2
88,113,3
88,114,1
88,115,0
88,116,1
88,117,0
89,0,1
89,1,3
89,2,0
89,3,1
89,4,1
89,5,1
89,6,2
89,7,11
89,8,1
89,9,1
89,10,4
89,11,0
89,12,1
89,13,0
89,14,1
89,15,0
89,16,8
89,17,5
89,18,2
89,19,0
89,20,5
89,21,1
89,22,2
89,23,0
89,24,2
89,25,3
89,26,1
89,27,2
89,28,2
89,29,3
89,30,11
89,31,0
89,32,3
89,33,0
89,34,7
89,35,2
89,36,2
89,37,0
89,38,1
89,39,0
89,40,0
89,41,0
89,42,1
89,43,1
89,44,1
89,45,0
89,46,0
89,47,2
89,48,1
89,49,4
89,50,0
89,51,1
89,52,3
89,53,0
89,54,2
89,55,0
89,56,0
89,57,1
89,58,3
89,59,0
89,60,0
89,61,6
89,62,1
89,63,1
89,64,2
89,65,3
89,66,1
89,67,1
89,68,11
89,69,0
89,70,0
89,71,2
89,72,1
89,73,0
89,74,3
89,75,0
89,76,2
89,77,1
89,78,0
89,79,0
89,80,0
89,81,0
89,82,0
89,83,2
89,84,1
89,85,4
89,86,3
89,87,6
89,88,3
89,89,0
89,90,1
89,91,4
89,92,5
89,93,0
89,94,2
89,95,1
89,96,1
89,97,5
89,98,0
89,99,1
89,100,8
89,101,4
89,102,4
89,103,1
89,104,3
89,105,3
89,106,2
89,107,0
89,108,2
89,109,2
89,110,1
89,111,3
89,112,2
89,113,8
89,114,2
89,115,2
89,116,1
89,117,1
90,0,0
90,1,2
90,2,1
90,3,2
90,4,1
90,5,2
90,6,0
90,7,4
90,8,1
90,9,1
90,10,0
90,11,1
90,12,1
90,13,2
90,14,0
90,15,1
90,16,4
90,17,1
90,18,0
90,19,0
90,20,4
90,21,2
90,22,2
90,23,2
90,24,1
90,25,2
90,26,2
90,27,2
90,28,1
90,29,1
90,30,2
90,31,0
90,32,2
90,33,3
90,34,3
90,35,3
90,36,0
90,37,2
90,38,0
90,39,2
90,40,3
90,41,2
90,42,1
90,43,1
90,44,0
90,45,0
90,46,3
90,47,0
90,48,1
90,49,1
90,50,0
90,51,4
90,52,0
90,53,0
90,54,2
90,55,2
90,56,2
90,57,1
90,58,2
90,59,6
90,60,1
90,61,0
90,62,0
90,63,0
90,64,1
90,65,1
90,66,1
90,67,3
90,68,3
90,69,0
90,70,1
90,71,2
90,72,1
90,73,1
90,74,1
90,75,1
90,76,1
90,77,0
90,78,3
90,79,0
90,80,1
90,81,1
90,82,0
90,83,1
90,84,2
90,85,1
90,86,2
90,87,10
90,88,7
90,89,2
90,90,1
90,91,4
90,92,5
90,93,1
90,94,2
90,95,2
90,96,0
90,97,3
90,98,0
90,99,1
90,100,3
90,101,1
90,102,3
90,103,8
90,104,1
90,105,5
90,106,0
90,107,1
90,108,1
90,109,1
90,110,3
90,111,2
90,112,8
90,113,4
90,114,1
90,115,2
90,116,1
90,117,1
91,0,4
91,1,3
91,2,1
91,3,0
91,4,2
91,5,1
91,6,4
91,7,4
91,8,1
91,9,0
91,10,3
91,11,0
91,12,0
91,13,5
91,14,3
91,15,2
91,16,3
91,17,2
91,18,2
91,19,1
91,20,6
91,21,0
91,22,2
91,23,0
91,24,0
91,25,6
91,26,7
91,27,3
91,28,3
91,29,0
91,30,9
91,31,2
91,32,5
91,33,7
91,34,3
91,35,0
91,36,3
91,37,0
91,38,0
91,39,0
91,40,1
91,41,2
91,42,2
91,43,1
91,44,1
91,45,1
91,46,0
91,47,0
91,48,2
91,49,1
91,50,0
91,51,1
91,52,0
91,53,2
91,54,1
91,55,1
91,56,2
91,57,3
91,58,0
91,59,2
91,60,1
91,61,1
91,62,2
91,63,2
91,64,1
91,65,0
91,66,1
91,67,1
91,68,13
91,69,0
91,70,0
91,71,2
91,72,2
91,73,1
91,74,0
91,75,1
91,76,1
91,77,1
91,78,0
91,79,0
91,80,0
91,81,1
91,82,0
91,83,2
91,84,0
91,85,2
91,86,1
91,87,5
91,88,7
91,89,1
91,90,1
91,91,6
91,92,1
91,93,2
91,94,0
91,95,2
91,96,3
91,97,1
91,98,2
91,99,0
91,100,7
91,101,3
91,102,3
91,103,7
91,104,1
91,105,3
91,106,0
91,107,0
91,108,0
91,109,1
91,110,2
91,111,1
91,112,5
91,113,3
91,114,0
91,115,2
91,116,1
91,117,1
92,0,0
92,1,2
92,2,1
92,3,1
92,4,1
92,5,4
92,6,0
92,7,5
92,8,3
92,9,1
92,10,1
92,11,0
92,12,3
92,13,1
92,14,1
92,15,1
92,16,5
92,17,2
92,18,1
92,19,1
92,20,5
92,21,2
92,22,3
92,23,0
92,24,0
92,25,6
92,26,3
92,27,0
92,28,0
92,29,0
92,30,4
92,31,3
92,32,3
92,33,2
92,34,2
92,35,2
92,36,0
92,37,5
92,38,0
92,39,1
92,40,3
92,41,2
92,42,4
92,43,3
92,44,1
92,45,2
92,46,0
92,47,5
92,48,0
92,49,0
92,50,2
92,51,2
92,52,0
92,53,0
92,54,2
92,55,3
92,56,1
92,57,3
92,58,0
92,59,0
92,60,4
92,61,2
92,62,0
92,63,0
92,64,3
92,65,0
92,66,1
92,67,4
92,68,1
92,69,0
92,70,2
92,71,0
92,72,0
92,73,0
92,74,1
92,75,1
92,76,2
92,77,1
92,78,0
92,79,0
92,80,2
92,81,0
92,82,2
92,83,1
92,84,0
92,85,4
92,86,0
92,87,4
92,88,4
92,89,1
92,90,2
92,91,6
92,92,2
92,93,0
92,94,1
92,95,0
92,96,3
92,97,3
92,98,0
92,99,0
92,100,7
92,101,3
92,102,1
92,103,11
92,104,1
92,105,2
92,106,0
92,107,4
92,108,0
92,109,2
92,110,1
92,111,4
92,112,4
92,113,5
92,114,0
92,115,4
92,116,1
92,117,2
93,0,0
93,1,4
93,2,0
93,3,4
93,4,1
93,5,2
93,6,1
93,7,7
93,8,0
93,9,1
93,10,2
93,11,0
93,12,0
93,13,0
93,14,0
93,15,0
93,16,9
93,17,4
93,18,0
93,19,3
93,20,4
93,21,0
93,22,1
93,23,1
93,24,0
93,25,5
93,26,2
93,27,1
93,28,1
93,29,3
93,30,7
93,31,0
93,32,10
93,33,3
93,34,1
93,35,0
93,36,1
93,37,1
93,38,0
93,39,1
93,40,3
93,41,0
93,42,0
93,43,2
93,44,0
93,45,1
93,46,1
93,47,2
93,48,0
93,49,0
93,50,0
93,51,0
93,52,0
93,53,0
93,54,0
93,55,1
93,56,2
93,57,2
93,58,1
93,59,0
93,60,1
93,61,0
93,62,1
93,63,0
93,64,1
93,65,4
93,66,1
93,67,3
93,68,5
93,69,4
93,70,2
93,71,0
93,72,0
93,73,0
93,74,5
93,75,1
93,76,1
93,77,3
93,78,1
93,79,2
93,80,1
93,81,1
93,82,1
93,83,0
93,84,2
93,85,5
93,86,3
93,87,3
93,88,3
93,89,1
93,90,1
93,91,5
93,92,3
93,93,0
93,94,0
93,95,1
93,96,2
93,97,2
93,98,3
93,99,1
93,100,5
93,101,0
93,102,1
93,103,6
93,104,0
93,105,1
93,106,4
93,107,1
93,108,4
93,109,0
93,110,3
93,111,2
93,112,0
93,113,1
93,114,3
93,115,1
93,116,1
93,117,3
94,0,2
94,1,0
94,2,1
94,3,1
94,4,0
94,5,2
94,6,2
94,7,1
94,8,2
94,9,0
94,10,1
94,11,1
94,12,3
94,13,1
94,14,1
94,15,0
94,16,5
94,17,1
94,18,1
94,19,1
94,20,3
94,21,0
94,22,0
94,23,5
94,24,1
94,25,0
94,26,0
94,27,1
94,28,2
94,29,0
94,30,5
94,31,1
94,32,11
94,33,5
94,34,5
94,35,4
94,36,1
94,37,3
94,38,1
94,39,3
94,40,3
94,41,0
94,42,0
94,43,1
94,44,0
94,45,2
94,46,2
94,47,0
94,48,0
94,49,1
94,50,0
94,51,3
94,52,1
94,53,1
94,54,2
94,55,2
94,56,0
94,57,2
94,58,0
94,59,0
94,60,1
94,61,2
94,62,0
94,63,3
94,64,1
94,65,1
94,66,1
94,67,1
94,68,10
94,69,2
94,70,0
94,71,0
94,72,2
94,73,0
94,74,1
94,75,0
94,76,1
94,77,0
94,78,2
94,79,4
94,80,1
94,81,1
94,82,1
94,83,2
94,84,1
94,85,1
94,86,0
94,87,2
94,88,6
94,89,2
94,90,3
94,91,5
94,92,5
94,93,0
94,94,0
94,95,1
94,96,1
94,97,0
94,98,0
94,99,1
94,100,2
94,101,1
94,102,2
94,103,1
94,104,0
94,105,3
94,106,5
94,107,1
94,108,0
94,109,1
94,110,0
94,111,0
94,112,5
94,113,5
94,114,0
94,115,1
94,116,1
94,117,1
95,0,3
95,1,2
95,2,1
95,3,1
95,4,2
95,5,0
95,6,0
95,7,3
95,8,0
95,9,1
95,10,2
95,11,3
95,12,2
95,13,1
95,14,3
95,15,0
95,16,7
95,17,1
95,18,1
95,19,1
95,20,5
95,21,0
95,22,2
95,23,2
95,24,1
95,25,6
95,26,7
95,27,0
95,28,1
95,29,1
95,30,7
95,31,0
95,32,5
95,33,3
95,34,13
95,35,1
95,36,1
95,37,2
95,38,1
95,39,0
95,40,4
95,41,0
95,42,2
95,43,1
95,44,1
95,45,3
95,46,0
95,47,1
95,48,1
95,49,0
95,50,2
95,51,2
95,52,3
95,53,1
95,54,0
95,55,1
95,56,1
95,57,1
95,58,0
95,59,1
95,60,0
95,61,1
95,62,0
95,63,0
95,64,2
95,65,1
95,66,1
95,67,0
95,68,10
95,69,1
95,70,2
95,71,0
95,72,2
95,73,0
95,74,2
95,75,0
95,76,1
95,77,1
95,78,4
95,79,0
95,80,1
95,81,0
95,82,0
95,83,1
95,84,0
95,85,6
95,86,2
95,87,8
95,88,2
95,89,2
95,90,0
95,91,5
95,92,11
95,93,0
95,94,0
95,95,0
95,96,1
95,97,1
95,98,0
95,99,0
95,100,2
95,101,0
95,102,3
95,103,1
95,104,0
95,105,6
95,106,4
95,107,2
95,108,2
95,109,0
95,110,3
95,111,2
95,112,3
95,113,3
95,114,0
95,115,0
95,116,0
95,117,0
96,0,4
96,1,2
96,2,1
96,3,0
96,4,1
96,5,2
96,6,2
96,7,5
96,8,1
96,9,3
96,10,2
96,11,0
96,12,0
96,13,1
96,14,2
96,15,1
96,16,5
96,17,2
96,18,0
96,19,1
96,20,3
96,21,0
96,22,3
96,23,1
96,24,0
96,25,12
96,26,4
96,27,2
96,28,1
96,29,0
96,30,3
96,31,0
96,32,2
96,33,4
96,34,6
96,35,2
96,36,1
96,37,1
96,38,2
96,39,0
96,40,3
96,41,1
96,42,0
96,43,1
96,44,0
96,45,0
96,46,1
96,47,2
96,48,2
96,49,0
96,50,2
96,51,4
96,52,2
96,53,0
96,54,0
96,55,5
96,56,0
96,57,0
96,58,5
96,59,1
96,60,1
96,61,0
96,62,0
96,63,0
96,64,1
96,65,0
96,66,0
96,67,2
96,68,2
96,69,1
96,70,0
96,71,0
96,72,1
96,73,0
96,74,2
96,75,1
96,76,0
96,77,0
96,78,1
96,79,0
96,80,4
96,81,0
96,82,1
96,83,1
96,84,0
96,85,3
96,86,4
96,87,2
96,88,3
96,89,0
96,90,1
96,91,2
96,92,2
96,93,2
96,94,2
96,95,2
96,96,4
96,97,1
96,98,1
96,99,0
96,100,2
96,101,2
96,102,2
96,103,1
96,104,0
96,105,1
96,106,1
96,107,3
96,108,1
96,109,0
96,110,1
96,111,0
96,112,3
96,113,3
96,114,0
96,115,1
96,116,2
96,117,0
97,0,1
97,1,1
97,2,2
97,3,0
97,4,0
97,5,2
97,6,1
97,7,8
97,8,1
97,9,2
97,10,0
97,11,1
97,12,1
97,13,1
97,14,2
97,15,0
97,16,2
97,17,0
97,18,4
97,19,3
97,20,4
97,21,1
97,22,2
97,23,3
97,24,1
97,25,6
97,26,2
97,27,0
97,28,0
97,29,0
97,30,4
97,31,1
97,32,2
97,33,2
97,34,1
97,35,1
97,36,1
97,37,2
97,38,1
97,39,1
97,40,0
97,41,0
97,42,0
97,43,2
97,44,0
97,45,0
97,46,0
97,47,1
97,48,0
97,49,0
97,50,1
97,51,0
97,52,0
97,53,0
97,54,1
97,55,1
97,56,6
97,57,1
97,58,0
97,59,0
97,60,0
97,61,0
97,62,2
97,63,1
97,64,1
97,65,2
97,66,1
97,67,0
97,68,8
97,69,1
97,70,1
97,71,5
97,72,1
97,73,1
97,74,0
97,75,1
97,76,4
97,77,1
97,78,1
97,79,1
97,80,0
97,81,1
97,82,1
97,83,0
97,84,0
97,85,0
97,86,3
97,87,5
97,88,3
97,89,1
97,90,0
97,91,7
97,92,5
97,93,4
97,94,0
97,95,2
97,96,0
97,97,2
97,98,5
97,99,2
97,100,4
97,101,1
97,102,4
97,103,5
97,104,0
97,105,4
97,106,1
97,107,2
97,108,1
97,109,3
97,110,0
97,111,1
97,112,1
97,113,2
97,114,0
97,115,0
97,116,1
97,117,0
98,0,1
98,1,1
98,2,1
98,3,1
98,4,1
98,5,0
98,6,4
98,7,3
98,8,0
98,9,0
98,10,0
98,11,0
98,12,1
98,13,1
98,14,0
98,15,1
98,16,6
98,17,0
98,18,0
98,19,2
98,20,3
98,21,2
98,22,3
98,23,1
98,24,1
98,25,5
98,26,3
98,27,0
98,28,1
98,29,1
98,30,4
98,31,2
98,32,1
98,33,2
98,34,8
98,35,3
98,36,0
98,37,2
98,38,0
98,39,2
98,40,1
98,41,1
98,42,0
98,43,1
98,44,0
98,45,0
98,46,0
98,47,3
98,48,1
98,49,0
98,50,0
98,51,3
98,52,5
98,53,2
98,54,2
98,55,2
98,56,2
98,57,0
98,58,4
98,59,1
98,60,1
98,61,0
98,62,1
98,63,0
98,64,0
98,65,0
98,66,1
98,67,0
98,68,6
98,69,1
98,70,0
98,71,2
98,72,0
98,73,1
98,74,2
98,75,1
98,76,0
98,77,1
98,78,2
98,79,3
98,80,0
98,81,1
98,82,1
98,83,0
98,84,1
98,85,6
98,86,1
98,87,3
98,88,3
98,89,1
98,90,0
98,91,1
98,92,9
98,93,2
98,94,1
98,95,1
98,96,2
98,97,2
98,98,3
98,99,1
98,100,2
98,101,0
98,102,7
98,103,1
98,104,0
98,105,5
98,106,3
98,107,2
98,108,3
98,109,1
98,110,1
98,111,0
98,112,2
98,113,4
98,114,1
98,115,1
98,116,2
98,117,0
99,0,2
99,1,0
99,2,0
99,3,0
99,4,1
99,5,0
99,6,2
99,7,0
99,8,0
99,9,2
99,10,3
99,11,0
99,12,0
99,13,1
99,14,0
99,15,2
99,16,0
99,17,0
99,18,1
99,19,1
99,20,4
99,21,1
99,22,0
99,23,1
99,24,2
99,25,3
99,26,5
99,27,2
99,28,0
99,29,0
99,30,5
99,31,3
99,32,3
99,33,5
99,34,6
99,35,0
99,36,1
99,37,2
99,38,2
99,39,4
99,40,1
99,41,0
99,42,1
99,43,2
99,44,0
99,45,3
99,46,4
99,47,1
99,48,0
99,49,1
99,50,0
99,51,0
99,52,2
99,53,3
99,54,1
99,55,1
99,56,4
99,57,2
99,58,1
99,59,1
99,60,2
99,61,0
99,62,3
99,63,0
99,64,1
99,65,0
99,66,3
99,67,0
99,68,6
99,69,1
99,70,1
99,71,0
99,72,2
99,73,1
99,74,0
99,75,3
99,76,1
99,77,1
99,78,1
99,79,0
99,80,4
99,81,0
99,82,2
99,83,0
99,84,2
99,85,3
99,86,0
99,87,1
99,88,5
99,89,1
99,90,2
99,91,2
99,92,9
99,93,0
99,94,1
99,95,1
99,96,2
99,97,0
99,98,1
99,99,0
99,100,4
99,101,1
99,102,5
99,103,1
99,104,0
99,105,1
99,106,0
99,107,1
99,108,1
99,109,1
99,110,0
99,111,1
99,112,3
99,113,6
99,114,0
99,115,3
99,116,0
99,117,0
